sid,iso_time,lat,lon,year,month,usa_wind,usa_pres,basin,name
1995193N06156,1995-07-19T06:00:00Z,20.25,134.575,1995,7,65,NA,WP,FAYE
1995193N06156,1995-07-19T09:00:00Z,20.4881,134.099,1995,7,67,NA,WP,FAYE
1995193N06156,1995-07-19T12:00:00Z,20.7,133.6,1995,7,70,NA,WP,FAYE
1995193N06156,1995-07-19T15:00:00Z,20.8892,133.114,1995,7,72,NA,WP,FAYE
1995193N06156,1995-07-19T18:00:00Z,21.075,132.625,1995,7,75,NA,WP,FAYE
1995193N06156,1995-07-19T21:00:00Z,21.2705,132.127,1995,7,77,NA,WP,FAYE
1995193N06156,1995-07-20T00:00:00Z,21.5,131.625,1995,7,80,NA,WP,FAYE
1995193N06156,1995-07-20T03:00:00Z,21.7755,131.123,1995,7,82,NA,WP,FAYE
1995193N06156,1995-07-20T06:00:00Z,22.1,130.625,1995,7,85,NA,WP,FAYE
1995193N06156,1995-07-20T09:00:00Z,22.462,130.137,1995,7,87,NA,WP,FAYE
1995193N06156,1995-07-20T12:00:00Z,22.85,129.65,1995,7,90,NA,WP,FAYE
1995193N06156,1995-07-20T15:00:00Z,23.2412,129.142,1995,7,90,NA,WP,FAYE
1995193N06156,1995-07-20T18:00:00Z,23.625,128.65,1995,7,90,NA,WP,FAYE
1995193N06156,1995-07-20T21:00:00Z,23.9862,128.165,1995,7,92,NA,WP,FAYE
1995193N06156,1995-07-21T00:00:00Z,24.325,127.75,1995,7,95,NA,WP,FAYE
1995193N06156,1995-07-21T03:00:00Z,24.5912,127.454,1995,7,97,NA,WP,FAYE
1995193N06156,1995-07-23T06:00:00Z,34.325,127.85,1995,7,95,NA,WP,FAYE
1995193N06156,1995-07-23T09:00:00Z,35.1685,128.022,1995,7,82,NA,WP,FAYE
1995193N06156,1995-07-23T12:00:00Z,36.025,128.3,1995,7,70,NA,WP,FAYE
1995193N06156,1995-07-23T15:00:00Z,36.8466,128.696,1995,7,65,NA,WP,FAYE
1995250N09161,1995-09-13T21:00:00Z,20.1162,141.774,1995,9,70,NA,WP,OSCAR
1995250N09161,1995-09-14T00:00:00Z,20.375,141.175,1995,9,75,NA,WP,OSCAR
1995250N09161,1995-09-14T03:00:00Z,20.6173,140.622,1995,9,82,NA,WP,OSCAR
1995250N09161,1995-09-14T06:00:00Z,20.875,140.125,1995,9,90,NA,WP,OSCAR
1995250N09161,1995-09-17T15:00:00Z,41.3595,148.095,1995,9,90,NA,WP,OSCAR
1995252N08142,1995-09-17T21:00:00Z,20.5912,137.982,1995,9,65,NA,WP,POLLY
1995252N08142,1995-09-18T00:00:00Z,20.975,137.975,1995,9,70,NA,WP,POLLY
1995252N08142,1995-09-18T03:00:00Z,21.4363,137.933,1995,9,75,NA,WP,POLLY
1995252N08142,1995-09-18T06:00:00Z,21.95,137.875,1995,9,80,NA,WP,POLLY
1995252N08142,1995-09-18T09:00:00Z,22.4694,137.841,1995,9,85,NA,WP,POLLY
1995252N08142,1995-09-18T12:00:00Z,23,137.825,1995,9,90,NA,WP,POLLY
1995252N08142,1995-09-18T15:00:00Z,23.5456,137.817,1995,9,90,NA,WP,POLLY
1995252N08142,1995-09-18T18:00:00Z,24.05,137.85,1995,9,90,NA,WP,POLLY
1995252N08142,1995-09-18T21:00:00Z,24.4561,137.907,1995,9,90,NA,WP,POLLY
1995252N08142,1995-09-19T00:00:00Z,24.825,138.075,1995,9,90,NA,WP,POLLY
1995252N08142,1995-09-19T03:00:00Z,25.2155,138.392,1995,9,90,NA,WP,POLLY
1995252N08142,1995-09-19T06:00:00Z,25.625,138.85,1995,9,90,NA,WP,POLLY
1995252N08142,1995-09-19T09:00:00Z,26.0292,139.402,1995,9,90,NA,WP,POLLY
1995252N08142,1995-09-19T12:00:00Z,26.525,140.025,1995,9,90,NA,WP,POLLY
1995252N08142,1995-09-19T15:00:00Z,27.1924,140.65,1995,9,90,NA,WP,POLLY
1995252N08142,1995-09-19T18:00:00Z,27.825,141.225,1995,9,90,NA,WP,POLLY
1995252N08142,1995-09-19T21:00:00Z,28.3539,141.798,1995,9,90,NA,WP,POLLY
1995252N08142,1995-09-20T00:00:00Z,28.825,142.375,1995,9,90,NA,WP,POLLY
1995252N08142,1995-09-20T03:00:00Z,29.3145,143.078,1995,9,90,NA,WP,POLLY
1995252N08142,1995-09-20T06:00:00Z,29.8,143.875,1995,9,90,NA,WP,POLLY
1995252N08142,1995-09-20T09:00:00Z,30.2467,144.687,1995,9,90,NA,WP,POLLY
1995252N08142,1995-09-20T12:00:00Z,30.725,145.575,1995,9,90,NA,WP,POLLY
1995252N08142,1995-09-20T15:00:00Z,31.2861,146.566,1995,9,87,NA,WP,POLLY
1995252N08142,1995-09-20T18:00:00Z,31.9,147.6,1995,9,85,NA,WP,POLLY
1995252N08142,1995-09-20T21:00:00Z,32.5113,148.565,1995,9,85,NA,WP,POLLY
1995252N08142,1995-09-21T00:00:00Z,33.175,149.6,1995,9,85,NA,WP,POLLY
1995258N14115,1995-09-23T15:00:00Z,31.8871,130.253,1995,9,95,NA,WP,RYAN
1995258N14115,1995-09-23T18:00:00Z,33.35,131.475,1995,9,90,NA,WP,RYAN
1995258N14115,1995-09-23T19:00:00Z,33.9177,131.924,1995,9,87,NA,WP,RYAN
1995258N14115,1995-09-23T21:00:00Z,35.1364,132.841,1995,9,82,NA,WP,RYAN
1995258N14115,1995-09-24T00:00:00Z,36.9,134.275,1995,9,75,NA,WP,RYAN
1995258N14115,1995-09-24T03:00:00Z,38.5469,136.103,1995,9,70,NA,WP,RYAN
1995258N14115,1995-09-24T06:00:00Z,39.8,138.133,1995,9,65,NA,WP,RYAN
1995287N08163,1995-10-21T06:00:00Z,26.525,136.8,1995,10,90,NA,WP,WARD
1995287N08163,1995-10-21T09:00:00Z,26.9304,137.405,1995,10,87,NA,WP,WARD
1995287N08163,1995-10-21T12:00:00Z,27.4,138.05,1995,10,85,NA,WP,WARD
1995287N08163,1995-10-21T15:00:00Z,27.9538,138.699,1995,10,80,NA,WP,WARD
1995287N08163,1995-10-21T18:00:00Z,28.55,139.4,1995,10,75,NA,WP,WARD
1995287N08163,1995-10-21T21:00:00Z,29.1247,140.09,1995,10,72,NA,WP,WARD
1995287N08163,1995-10-22T00:00:00Z,29.6733,140.96,1995,10,70,NA,WP,WARD
1995287N08163,1995-10-22T03:00:00Z,30.245,142.228,1995,10,65,NA,WP,WARD
1996186N19156,1996-07-08T00:00:00Z,22.85,141.375,1996,7,65,NA,WP,DAN
1996186N19156,1996-07-08T03:00:00Z,23.06,141.077,1996,7,65,NA,WP,DAN
1996186N19156,1996-07-08T06:00:00Z,23.3,140.825,1996,7,65,NA,WP,DAN
1996186N19156,1996-07-08T09:00:00Z,23.5879,140.645,1996,7,65,NA,WP,DAN
1996186N19156,1996-07-08T12:00:00Z,23.925,140.525,1996,7,65,NA,WP,DAN
1996186N19156,1996-07-08T15:00:00Z,24.3031,140.431,1996,7,67,NA,WP,DAN
1996186N19156,1996-07-08T18:00:00Z,24.7,140.4,1996,7,70,NA,WP,DAN
1996186N19156,1996-07-08T21:00:00Z,25.0475,140.392,1996,7,72,NA,WP,DAN
1996186N19156,1996-07-09T00:00:00Z,25.45,140.45,1996,7,75,NA,WP,DAN
1996186N19156,1996-07-09T03:00:00Z,25.9038,140.553,1996,7,75,NA,WP,DAN
1996186N19156,1996-07-09T06:00:00Z,26.425,140.7,1996,7,75,NA,WP,DAN
1996186N19156,1996-07-09T09:00:00Z,27.0575,140.831,1996,7,75,NA,WP,DAN
1996186N19156,1996-07-09T12:00:00Z,27.8,140.9,1996,7,75,NA,WP,DAN
1996186N19156,1996-07-09T15:00:00Z,28.5763,140.984,1996,7,72,NA,WP,DAN
1996186N19156,1996-07-09T18:00:00Z,29.4,141.05,1996,7,70,NA,WP,DAN
1996186N19156,1996-07-09T21:00:00Z,30.2162,141.07,1996,7,70,NA,WP,DAN
1996186N19156,1996-07-10T00:00:00Z,30.975,141.05,1996,7,70,NA,WP,DAN
1996186N19156,1996-07-10T03:00:00Z,31.7256,140.999,1996,7,67,NA,WP,DAN
1996186N19156,1996-07-10T06:00:00Z,32.45,141,1996,7,65,NA,WP,DAN
1996186N19156,1996-07-10T09:00:00Z,33.1879,141.176,1996,7,65,NA,WP,DAN
1996186N19156,1996-07-10T12:00:00Z,33.825,141.5,1996,7,65,NA,WP,DAN
1996186N19156,1996-07-10T15:00:00Z,34.4251,141.996,1996,7,65,NA,WP,DAN
1996186N19156,1996-07-10T18:00:00Z,35.075,142.6,1996,7,65,NA,WP,DAN
1996186N19156,1996-07-10T21:00:00Z,35.765,143.228,1996,7,65,NA,WP,DAN
1996186N19156,1996-07-11T00:00:00Z,36.475,143.825,1996,7,65,NA,WP,DAN
1996192N19152,1996-07-14T12:00:00Z,20.9,140.7,1996,7,65,NA,WP,EVE
1996192N19152,1996-07-14T15:00:00Z,21.2318,140.27,1996,7,67,NA,WP,EVE
1996192N19152,1996-07-14T18:00:00Z,21.575,139.825,1996,7,70,NA,WP,EVE
1996192N19152,1996-07-14T21:00:00Z,21.8092,139.395,1996,7,72,NA,WP,EVE
1996192N19152,1996-07-15T00:00:00Z,22.025,138.95,1996,7,75,NA,WP,EVE
1996192N19152,1996-07-15T03:00:00Z,22.3037,138.472,1996,7,85,NA,WP,EVE
1996192N19152,1996-07-15T06:00:00Z,22.575,137.975,1996,7,95,NA,WP,EVE
1996192N19152,1996-07-18T04:00:00Z,31.1799,130.544,1996,7,98,NA,WP,EVE
1996192N19152,1996-07-18T06:00:00Z,31.55,130.65,1996,7,90,NA,WP,EVE
1996192N19152,1996-07-18T09:00:00Z,32.1044,130.832,1996,7,77,NA,WP,EVE
1996192N19152,1996-07-18T12:00:00Z,32.625,130.95,1996,7,65,NA,WP,EVE
1996201N07137,1996-07-25T15:00:00Z,20.1562,121.152,1996,7,90,NA,WP,GLORIA
1996201N07137,1996-07-25T18:00:00Z,20.375,121.075,1996,7,90,NA,WP,GLORIA
1996201N07137,1996-07-25T21:00:00Z,20.6325,120.951,1996,7,90,NA,WP,GLORIA
1996201N07137,1996-07-26T00:00:00Z,20.95,120.85,1996,7,90,NA,WP,GLORIA
1996201N07137,1996-07-26T03:00:00Z,21.2804,120.873,1996,7,90,NA,WP,GLORIA
1996201N07137,1996-07-26T06:00:00Z,21.75,120.8,1996,7,90,NA,WP,GLORIA
1996201N07137,1996-07-26T09:00:00Z,22.4908,120.433,1996,7,85,NA,WP,GLORIA
1996203N12152,1996-07-25T12:00:00Z,20.425,143.625,1996,7,65,NA,WP,HERB
1996203N12152,1996-07-25T15:00:00Z,20.5047,142.981,1996,7,67,NA,WP,HERB
1996203N12152,1996-07-25T18:00:00Z,20.6,142.3,1996,7,70,NA,WP,HERB
1996203N12152,1996-07-25T21:00:00Z,20.7185,141.573,1996,7,72,NA,WP,HERB
1996203N12152,1996-07-26T00:00:00Z,20.8,140.8,1996,7,75,NA,WP,HERB
1996203N12152,1996-07-26T03:00:00Z,20.7981,139.982,1996,7,80,NA,WP,HERB
1996203N12152,1996-07-26T06:00:00Z,20.725,139.175,1996,7,85,NA,WP,HERB
1996203N12152,1996-07-26T09:00:00Z,20.6099,138.414,1996,7,87,NA,WP,HERB
1996203N12152,1996-07-26T12:00:00Z,20.45,137.75,1996,7,90,NA,WP,HERB
1996203N12152,1996-07-26T15:00:00Z,20.2695,137.24,1996,7,95,NA,WP,HERB
1996203N12152,1996-07-31T18:00:00Z,24.85,121.15,1996,7,75,NA,WP,HERB
1996203N12152,1996-07-31T21:00:00Z,25.0501,120.586,1996,7,85,NA,WP,HERB
1996203N12152,1996-08-01T00:00:00Z,25.425,120.025,1996,8,95,NA,WP,HERB
1996210N05156,1996-08-08T00:00:00Z,24.9,134.05,1996,8,65,NA,WP,KIRK
1996210N05156,1996-08-08T03:00:00Z,24.8688,134.046,1996,8,70,NA,WP,KIRK
1996210N05156,1996-08-08T06:00:00Z,24.875,134,1996,8,75,NA,WP,KIRK
1996210N05156,1996-08-08T09:00:00Z,24.8762,133.922,1996,8,77,NA,WP,KIRK
1996210N05156,1996-08-08T12:00:00Z,24.9,133.8,1996,8,80,NA,WP,KIRK
1996210N05156,1996-08-08T15:00:00Z,24.9512,133.651,1996,8,80,NA,WP,KIRK
1996210N05156,1996-08-08T18:00:00Z,25.025,133.45,1996,8,80,NA,WP,KIRK
1996210N05156,1996-08-08T21:00:00Z,25.1123,133.206,1996,8,80,NA,WP,KIRK
1996210N05156,1996-08-09T00:00:00Z,25.2,132.9,1996,8,80,NA,WP,KIRK
1996210N05156,1996-08-09T03:00:00Z,25.285,132.543,1996,8,80,NA,WP,KIRK
1996210N05156,1996-08-09T06:00:00Z,25.275,132.2,1996,8,80,NA,WP,KIRK
1996210N05156,1996-08-09T09:00:00Z,25.1688,131.799,1996,8,80,NA,WP,KIRK
1996210N05156,1996-08-09T12:00:00Z,24.975,131.45,1996,8,80,NA,WP,KIRK
1996210N05156,1996-08-09T15:00:00Z,24.8068,131.197,1996,8,80,NA,WP,KIRK
1996210N05156,1996-08-09T18:00:00Z,24.65,131,1996,8,80,NA,WP,KIRK
1996210N05156,1996-08-09T21:00:00Z,24.5531,130.879,1996,8,80,NA,WP,KIRK
1996210N05156,1996-08-10T00:00:00Z,24.475,130.8,1996,8,80,NA,WP,KIRK
1996210N05156,1996-08-10T03:00:00Z,24.425,130.736,1996,8,82,NA,WP,KIRK
1996210N05156,1996-08-10T06:00:00Z,24.375,130.7,1996,8,85,NA,WP,KIRK
1996210N05156,1996-08-10T09:00:00Z,24.2894,130.616,1996,8,85,NA,WP,KIRK
1996210N05156,1996-08-10T12:00:00Z,24.2,130.525,1996,8,85,NA,WP,KIRK
1996210N05156,1996-08-10T15:00:00Z,24.0863,130.434,1996,8,85,NA,WP,KIRK
1996210N05156,1996-08-10T18:00:00Z,24.05,130.375,1996,8,85,NA,WP,KIRK
1996210N05156,1996-08-10T21:00:00Z,24.1519,130.303,1996,8,85,NA,WP,KIRK
1996210N05156,1996-08-11T00:00:00Z,24.325,130.275,1996,8,85,NA,WP,KIRK
1996210N05156,1996-08-11T03:00:00Z,24.5443,130.303,1996,8,85,NA,WP,KIRK
1996210N05156,1996-08-11T06:00:00Z,24.8,130.275,1996,8,85,NA,WP,KIRK
1996210N05156,1996-08-11T09:00:00Z,25.0113,130.036,1996,8,85,NA,WP,KIRK
1996210N05156,1996-08-11T12:00:00Z,25.175,129.675,1996,8,85,NA,WP,KIRK
1996210N05156,1996-08-11T15:00:00Z,25.298,129.345,1996,8,85,NA,WP,KIRK
1996210N05156,1996-08-11T18:00:00Z,25.45,129.025,1996,8,85,NA,WP,KIRK
1996210N05156,1996-08-11T21:00:00Z,25.6782,128.639,1996,8,87,NA,WP,KIRK
1996210N05156,1996-08-12T00:00:00Z,25.9,128.3,1996,8,90,NA,WP,KIRK
1996210N05156,1996-08-12T03:00:00Z,26.1237,128.056,1996,8,92,NA,WP,KIRK
1996210N05156,1996-08-12T06:00:00Z,26.325,127.875,1996,8,95,NA,WP,KIRK
1996210N05156,1996-08-12T09:00:00Z,26.4531,127.747,1996,8,95,NA,WP,KIRK
1996210N05156,1996-08-12T12:00:00Z,26.575,127.7,1996,8,95,NA,WP,KIRK
1996210N05156,1996-08-12T15:00:00Z,26.8256,127.59,1996,8,95,NA,WP,KIRK
1996210N05156,1996-08-12T18:00:00Z,27.15,127.525,1996,8,95,NA,WP,KIRK
1996210N05156,1996-08-12T21:00:00Z,27.4712,127.606,1996,8,95,NA,WP,KIRK
1996210N05156,1996-08-13T00:00:00Z,27.825,127.75,1996,8,95,NA,WP,KIRK
1996210N05156,1996-08-13T03:00:00Z,28.1281,127.93,1996,8,95,NA,WP,KIRK
1996210N05156,1996-08-13T06:00:00Z,28.55,128.15,1996,8,95,NA,WP,KIRK
1996210N05156,1996-08-13T09:00:00Z,29.2382,128.442,1996,8,95,NA,WP,KIRK
1996210N05156,1996-08-13T12:00:00Z,29.975,128.75,1996,8,95,NA,WP,KIRK
1996210N05156,1996-08-13T15:00:00Z,30.5272,129.007,1996,8,95,NA,WP,KIRK
1996210N05156,1996-08-13T18:00:00Z,31.05,129.275,1996,8,95,NA,WP,KIRK
1996210N05156,1996-08-13T21:00:00Z,31.6878,129.673,1996,8,95,NA,WP,KIRK
1996210N05156,1996-08-14T00:00:00Z,32.35,130.25,1996,8,95,NA,WP,KIRK
1996210N05156,1996-08-14T01:00:00Z,32.6035,130.445,1996,8,93,NA,WP,KIRK
1996210N05156,1996-08-14T03:00:00Z,33.1073,130.899,1996,8,90,NA,WP,KIRK
1996210N05156,1996-08-14T06:00:00Z,33.875,131.725,1996,8,85,NA,WP,KIRK
1996210N05156,1996-08-14T09:00:00Z,34.614,132.809,1996,8,77,NA,WP,KIRK
1996210N05156,1996-08-14T12:00:00Z,35.5,134.1,1996,8,70,NA,WP,KIRK
1996210N05156,1996-08-14T15:00:00Z,36.3309,135.2,1996,8,67,NA,WP,KIRK
1996210N05156,1996-08-14T18:00:00Z,37.1467,136.393,1996,8,65,NA,WP,KIRK
1996227N15176,1996-08-24T06:00:00Z,24.225,143.825,1996,8,65,NA,WP,ORSON
1996227N15176,1996-08-24T09:00:00Z,24.2668,144.232,1996,8,70,NA,WP,ORSON
1996227N15176,1996-08-24T12:00:00Z,24.275,144.65,1996,8,75,NA,WP,ORSON
1996227N15176,1996-08-24T15:00:00Z,24.2728,145.033,1996,8,77,NA,WP,ORSON
1996227N15176,1996-08-24T18:00:00Z,24.275,145.45,1996,8,80,NA,WP,ORSON
1996227N15176,1996-08-24T21:00:00Z,24.2902,145.971,1996,8,90,NA,WP,ORSON
1996227N15176,1996-08-31T06:00:00Z,29.4,144.45,1996,8,65,NA,WP,ORSON
1996227N15176,1996-08-31T09:00:00Z,29.5925,144.172,1996,8,65,NA,WP,ORSON
1996227N15176,1996-08-31T12:00:00Z,29.8,143.925,1996,8,65,NA,WP,ORSON
1996227N15176,1996-08-31T15:00:00Z,30.0368,143.706,1996,8,72,NA,WP,ORSON
1996227N15176,1996-08-31T18:00:00Z,30.3,143.525,1996,8,80,NA,WP,ORSON
1996227N15176,1996-08-31T21:00:00Z,30.565,143.359,1996,8,80,NA,WP,ORSON
1996227N15176,1996-09-01T00:00:00Z,30.875,143.25,1996,9,80,NA,WP,ORSON
1996227N15176,1996-09-01T03:00:00Z,31.243,143.165,1996,9,80,NA,WP,ORSON
1996227N15176,1996-09-01T06:00:00Z,31.675,143.225,1996,9,80,NA,WP,ORSON
1996227N15176,1996-09-01T09:00:00Z,32.1545,143.513,1996,9,80,NA,WP,ORSON
1996227N15176,1996-09-01T12:00:00Z,32.675,143.925,1996,9,80,NA,WP,ORSON
1996227N15176,1996-09-01T15:00:00Z,33.1879,144.305,1996,9,77,NA,WP,ORSON
1996227N15176,1996-09-01T18:00:00Z,33.75,144.725,1996,9,75,NA,WP,ORSON
1996227N15176,1996-09-01T21:00:00Z,34.3727,145.167,1996,9,72,NA,WP,ORSON
1996227N15176,1996-09-02T00:00:00Z,35.075,145.7,1996,9,70,NA,WP,ORSON
1996227N15176,1996-09-02T03:00:00Z,35.8368,146.339,1996,9,67,NA,WP,ORSON
1996227N15176,1996-09-02T06:00:00Z,36.675,147.125,1996,9,65,NA,WP,ORSON
1996252N11162,1996-09-15T00:00:00Z,20.475,143.625,1996,9,65,NA,WP,TOM
1996252N11162,1996-09-15T03:00:00Z,20.64,143.867,1996,9,65,NA,WP,TOM
1996252N11162,1996-09-15T06:00:00Z,20.85,144.15,1996,9,65,NA,WP,TOM
1996252N11162,1996-09-15T09:00:00Z,21.1019,144.434,1996,9,67,NA,WP,TOM
1996252N11162,1996-09-15T12:00:00Z,21.35,144.7,1996,9,70,NA,WP,TOM
1996252N11162,1996-09-15T15:00:00Z,21.5437,144.917,1996,9,72,NA,WP,TOM
1996252N11162,1996-09-15T18:00:00Z,21.7,145.1,1996,9,75,NA,WP,TOM
1996252N11162,1996-09-15T21:00:00Z,21.8305,145.25,1996,9,75,NA,WP,TOM
1996252N11162,1996-09-16T00:00:00Z,21.95,145.425,1996,9,75,NA,WP,TOM
1996252N11162,1996-09-16T03:00:00Z,22.0726,145.701,1996,9,75,NA,WP,TOM
1996252N11162,1996-09-16T06:00:00Z,22.225,146,1996,9,75,NA,WP,TOM
1996252N11162,1996-09-16T09:00:00Z,22.4368,146.252,1996,9,75,NA,WP,TOM
1996252N11162,1996-09-16T12:00:00Z,22.675,146.475,1996,9,75,NA,WP,TOM
1996252N11162,1996-09-16T15:00:00Z,22.898,146.663,1996,9,75,NA,WP,TOM
1996252N11162,1996-09-16T18:00:00Z,23.125,146.85,1996,9,75,NA,WP,TOM
1996252N11162,1996-09-16T21:00:00Z,23.3531,147.08,1996,9,72,NA,WP,TOM
1996252N11162,1996-09-17T00:00:00Z,23.6,147.325,1996,9,70,NA,WP,TOM
1996252N11162,1996-09-17T03:00:00Z,23.8837,147.568,1996,9,70,NA,WP,TOM
1996252N11162,1996-09-17T06:00:00Z,24.175,147.8,1996,9,70,NA,WP,TOM
1996252N11162,1996-09-17T09:00:00Z,24.443,147.991,1996,9,70,NA,WP,TOM
1996252N11162,1996-09-17T12:00:00Z,24.7,148.2,1996,9,70,NA,WP,TOM
1996252N11162,1996-09-17T15:00:00Z,24.9388,148.483,1996,9,67,NA,WP,TOM
1996252N11162,1996-09-17T18:00:00Z,25.2,148.8,1996,9,65,NA,WP,TOM
1996254N13138,1996-09-17T09:00:00Z,22.0036,128.627,1996,9,97,NA,WP,VIOLET
1996254N13138,1996-09-17T12:00:00Z,22.2,128.925,1996,9,95,NA,WP,VIOLET
1996254N13138,1996-09-17T15:00:00Z,22.42,129.259,1996,9,92,NA,WP,VIOLET
1996254N13138,1996-09-17T18:00:00Z,22.625,129.575,1996,9,90,NA,WP,VIOLET
1996254N13138,1996-09-17T21:00:00Z,22.788,129.828,1996,9,90,NA,WP,VIOLET
1996254N13138,1996-09-18T00:00:00Z,22.925,130.05,1996,9,90,NA,WP,VIOLET
1996254N13138,1996-09-18T03:00:00Z,23.0631,130.273,1996,9,90,NA,WP,VIOLET
1996254N13138,1996-09-18T06:00:00Z,23.175,130.5,1996,9,90,NA,WP,VIOLET
1996254N13138,1996-09-18T09:00:00Z,23.2394,130.756,1996,9,85,NA,WP,VIOLET
1996254N13138,1996-09-18T12:00:00Z,23.3,131,1996,9,80,NA,WP,VIOLET
1996254N13138,1996-09-18T15:00:00Z,23.4012,131.203,1996,9,80,NA,WP,VIOLET
1996254N13138,1996-09-18T18:00:00Z,23.525,131.375,1996,9,80,NA,WP,VIOLET
1996254N13138,1996-09-18T21:00:00Z,23.6603,131.547,1996,9,85,NA,WP,VIOLET
1996254N13138,1996-09-19T00:00:00Z,23.8,131.675,1996,9,90,NA,WP,VIOLET
1996254N13138,1996-09-19T03:00:00Z,23.9231,131.736,1996,9,90,NA,WP,VIOLET
1996254N13138,1996-09-19T06:00:00Z,24.025,131.775,1996,9,90,NA,WP,VIOLET
1996254N13138,1996-09-19T09:00:00Z,24.1781,131.854,1996,9,90,NA,WP,VIOLET
1996254N13138,1996-09-19T12:00:00Z,24.35,131.925,1996,9,90,NA,WP,VIOLET
1996254N13138,1996-09-19T15:00:00Z,24.5375,131.95,1996,9,90,NA,WP,VIOLET
1996254N13138,1996-09-19T18:00:00Z,24.725,131.975,1996,9,90,NA,WP,VIOLET
1996254N13138,1996-09-19T21:00:00Z,24.8587,132.018,1996,9,90,NA,WP,VIOLET
1996254N13138,1996-09-20T00:00:00Z,25.025,132.1,1996,9,90,NA,WP,VIOLET
1996254N13138,1996-09-20T03:00:00Z,25.2187,132.185,1996,9,90,NA,WP,VIOLET
1996254N13138,1996-09-20T06:00:00Z,25.475,132.325,1996,9,90,NA,WP,VIOLET
1996254N13138,1996-09-20T09:00:00Z,25.7762,132.504,1996,9,87,NA,WP,VIOLET
1996254N13138,1996-09-20T12:00:00Z,26.1,132.725,1996,9,85,NA,WP,VIOLET
1996254N13138,1996-09-20T15:00:00Z,26.4086,132.988,1996,9,82,NA,WP,VIOLET
1996254N13138,1996-09-20T18:00:00Z,26.725,133.275,1996,9,80,NA,WP,VIOLET
1996254N13138,1996-09-20T21:00:00Z,27.0782,133.723,1996,9,80,NA,WP,VIOLET
1996254N13138,1996-09-21T00:00:00Z,27.425,134.15,1996,9,80,NA,WP,VIOLET
1996254N13138,1996-09-21T03:00:00Z,27.7809,134.539,1996,9,80,NA,WP,VIOLET
1996254N13138,1996-09-21T06:00:00Z,28.2,134.975,1996,9,80,NA,WP,VIOLET
1996254N13138,1996-09-21T09:00:00Z,28.6674,135.535,1996,9,77,NA,WP,VIOLET
1996254N13138,1996-09-21T12:00:00Z,29.275,136.275,1996,9,75,NA,WP,VIOLET
1996254N13138,1996-09-21T15:00:00Z,29.9877,137.008,1996,9,72,NA,WP,VIOLET
1996254N13138,1996-09-21T18:00:00Z,30.825,137.775,1996,9,70,NA,WP,VIOLET
1996254N13138,1996-09-21T21:00:00Z,31.6148,138.419,1996,9,72,NA,WP,VIOLET
1996254N13138,1996-09-22T00:00:00Z,32.525,139.075,1996,9,75,NA,WP,VIOLET
1996254N13138,1996-09-22T03:00:00Z,33.7477,139.958,1996,9,77,NA,WP,VIOLET
1996254N13138,1996-09-22T06:00:00Z,35,140.9,1996,9,80,NA,WP,VIOLET
1996254N13138,1996-09-22T09:00:00Z,36.255,141.972,1996,9,77,NA,WP,VIOLET
1996254N13138,1996-09-22T12:00:00Z,37.4933,143.06,1996,9,75,NA,WP,VIOLET
1996254N13138,1996-09-22T15:00:00Z,38.3917,144.042,1996,9,72,NA,WP,VIOLET
1996254N13138,1996-09-22T18:00:00Z,39.2385,145.008,1996,9,70,NA,WP,VIOLET
1996254N13138,1996-09-22T21:00:00Z,40.4175,145.912,1996,9,67,NA,WP,VIOLET
1996254N13138,1996-09-23T00:00:00Z,41.4333,146.767,1996,9,65,NA,WP,VIOLET
1996261N08184,1996-09-29T21:00:00Z,27.557,139.843,1996,9,95,NA,WP,YATES
1996261N08184,1996-09-30T00:00:00Z,28.325,140.325,1996,9,90,NA,WP,YATES
1996261N08184,1996-09-30T03:00:00Z,29.0957,140.927,1996,9,87,NA,WP,YATES
1996261N08184,1996-09-30T06:00:00Z,29.85,141.75,1996,9,85,NA,WP,YATES
1996261N08184,1996-09-30T09:00:00Z,30.5871,142.841,1996,9,82,NA,WP,YATES
1996261N08184,1996-09-30T12:00:00Z,31.275,144.1,1996,9,80,NA,WP,YATES
1996261N08184,1996-09-30T15:00:00Z,31.9092,145.345,1996,9,77,NA,WP,YATES
1996261N08184,1996-09-30T18:00:00Z,32.475,146.65,1996,9,75,NA,WP,YATES
1996261N08184,1996-09-30T21:00:00Z,32.9876,148,1996,9,72,NA,WP,YATES
1996261N08184,1996-10-01T00:00:00Z,33.4071,149.407,1996,10,70,NA,WP,YATES
1996268N15140,1996-09-27T06:00:00Z,21.375,125.925,1996,9,95,NA,WP,ZANE
1996268N15140,1996-09-27T09:00:00Z,21.5425,125.722,1996,9,95,NA,WP,ZANE
1996268N15140,1996-09-27T12:00:00Z,21.725,125.575,1996,9,95,NA,WP,ZANE
1996268N15140,1996-09-29T18:00:00Z,27.4,127.125,1996,9,95,NA,WP,ZANE
1996268N15140,1996-09-29T21:00:00Z,27.393,127.498,1996,9,90,NA,WP,ZANE
1996268N15140,1996-09-30T00:00:00Z,27.375,128,1996,9,85,NA,WP,ZANE
1996268N15140,1996-09-30T03:00:00Z,27.3242,128.52,1996,9,85,NA,WP,ZANE
1996268N15140,1996-09-30T06:00:00Z,27.325,129.125,1996,9,85,NA,WP,ZANE
1996268N15140,1996-09-30T09:00:00Z,27.4003,129.783,1996,9,82,NA,WP,ZANE
1996268N15140,1996-09-30T12:00:00Z,27.525,130.5,1996,9,80,NA,WP,ZANE
1996268N15140,1996-09-30T15:00:00Z,27.6791,131.247,1996,9,77,NA,WP,ZANE
1996268N15140,1996-09-30T18:00:00Z,27.9,132.125,1996,9,75,NA,WP,ZANE
1996268N15140,1996-09-30T21:00:00Z,28.1619,133.023,1996,9,72,NA,WP,ZANE
1996268N15140,1996-10-01T00:00:00Z,28.425,134,1996,10,70,NA,WP,ZANE
1996268N15140,1996-10-01T03:00:00Z,28.5867,135.06,1996,10,70,NA,WP,ZANE
1996268N15140,1996-10-01T06:00:00Z,28.75,136.15,1996,10,70,NA,WP,ZANE
1996268N15140,1996-10-01T09:00:00Z,29.0242,137.207,1996,10,70,NA,WP,ZANE
1996268N15140,1996-10-01T12:00:00Z,29.3,138.25,1996,10,70,NA,WP,ZANE
1996268N15140,1996-10-01T15:00:00Z,29.5138,139.264,1996,10,67,NA,WP,ZANE
1996268N15140,1996-10-01T18:00:00Z,29.625,140.3,1996,10,65,NA,WP,ZANE
1996268N15140,1996-10-01T21:00:00Z,29.5453,141.399,1996,10,65,NA,WP,ZANE
1996268N15140,1996-10-02T00:00:00Z,29.475,142.55,1996,10,65,NA,WP,ZANE
1996268N15140,1996-10-02T03:00:00Z,29.6301,143.756,1996,10,65,NA,WP,ZANE
1996268N15140,1996-10-02T06:00:00Z,29.85,144.975,1996,10,65,NA,WP,ZANE
1996268N15140,1996-10-02T09:00:00Z,29.9728,146.131,1996,10,65,NA,WP,ZANE
1996268N15140,1996-10-02T12:00:00Z,30.125,147.3,1996,10,65,NA,WP,ZANE
1996268N15140,1996-10-02T15:00:00Z,30.3782,148.536,1996,10,65,NA,WP,ZANE
1996268N15140,1996-10-02T18:00:00Z,30.675,149.825,1996,10,65,NA,WP,ZANE
1996291N17168,1996-10-23T03:00:00Z,20.1368,145.257,1996,10,72,NA,WP,CARLO
1996291N17168,1996-10-23T06:00:00Z,20.375,145.1,1996,10,80,NA,WP,CARLO
1996291N17168,1996-10-23T09:00:00Z,20.5668,144.992,1996,10,85,NA,WP,CARLO
1996291N17168,1996-10-23T12:00:00Z,20.8,144.925,1996,10,90,NA,WP,CARLO
1996291N17168,1996-10-23T15:00:00Z,21.1138,144.851,1996,10,95,NA,WP,CARLO
1996291N17168,1996-10-24T12:00:00Z,25.2,145.175,1996,10,95,NA,WP,CARLO
1996291N17168,1996-10-24T15:00:00Z,25.983,145.299,1996,10,90,NA,WP,CARLO
1996291N17168,1996-10-24T18:00:00Z,26.8,145.475,1996,10,85,NA,WP,CARLO
1996291N17168,1996-10-24T21:00:00Z,27.603,145.729,1996,10,82,NA,WP,CARLO
1996291N17168,1996-10-25T00:00:00Z,28.425,146.075,1996,10,80,NA,WP,CARLO
1996291N17168,1996-10-25T03:00:00Z,29.2815,146.48,1996,10,75,NA,WP,CARLO
1996291N17168,1996-10-25T06:00:00Z,30.15,147,1996,10,70,NA,WP,CARLO
1996291N17168,1996-10-25T09:00:00Z,31.0014,147.62,1996,10,65,NA,WP,CARLO
1997152N06171,1997-06-13T09:00:00Z,28.7657,142.414,1997,6,92,NA,WP,NESTOR
1997152N06171,1997-06-13T12:00:00Z,29.6,142.975,1997,6,80,NA,WP,NESTOR
1997152N06171,1997-06-13T15:00:00Z,30.3814,143.551,1997,6,77,NA,WP,NESTOR
1997152N06171,1997-06-13T18:00:00Z,31.2,144.225,1997,6,75,NA,WP,NESTOR
1997152N06171,1997-06-13T21:00:00Z,32.1165,144.971,1997,6,70,NA,WP,NESTOR
1997152N06171,1997-06-14T00:00:00Z,33.1,145.92,1997,6,65,NA,WP,NESTOR
1997165N12139,1997-06-17T21:00:00Z,20.1238,133.437,1997,6,90,NA,WP,OPAL
1997165N12139,1997-06-18T00:00:00Z,20.75,133.6,1997,6,90,NA,WP,OPAL
1997165N12139,1997-06-18T03:00:00Z,21.5075,133.664,1997,6,90,NA,WP,OPAL
1997165N12139,1997-06-18T06:00:00Z,22.325,133.675,1997,6,90,NA,WP,OPAL
1997165N12139,1997-06-18T09:00:00Z,23.1124,133.701,1997,6,90,NA,WP,OPAL
1997165N12139,1997-06-18T12:00:00Z,23.925,133.7,1997,6,90,NA,WP,OPAL
1997165N12139,1997-06-18T15:00:00Z,24.78,133.661,1997,6,90,NA,WP,OPAL
1997165N12139,1997-06-18T18:00:00Z,25.625,133.65,1997,6,90,NA,WP,OPAL
1997165N12139,1997-06-18T21:00:00Z,26.5075,133.636,1997,6,90,NA,WP,OPAL
1997165N12139,1997-06-19T00:00:00Z,27.4,133.625,1997,6,90,NA,WP,OPAL
1997165N12139,1997-06-19T03:00:00Z,28.1466,133.579,1997,6,87,NA,WP,OPAL
1997165N12139,1997-06-19T06:00:00Z,28.925,133.65,1997,6,85,NA,WP,OPAL
1997165N12139,1997-06-19T09:00:00Z,29.7073,133.981,1997,6,82,NA,WP,OPAL
1997165N12139,1997-06-19T12:00:00Z,30.475,134.45,1997,6,80,NA,WP,OPAL
1997165N12139,1997-06-19T15:00:00Z,31.3208,134.82,1997,6,77,NA,WP,OPAL
1997165N12139,1997-06-19T18:00:00Z,32.175,135.225,1997,6,75,NA,WP,OPAL
1997165N12139,1997-06-19T21:00:00Z,32.9316,135.744,1997,6,70,NA,WP,OPAL
1997165N12139,1997-06-20T00:00:00Z,33.825,136.475,1997,6,65,NA,WP,OPAL
1997167N06162,1997-06-26T06:00:00Z,22.125,126.5,1997,6,65,NA,WP,PETER
1997167N06162,1997-06-26T09:00:00Z,22.8175,126.494,1997,6,65,NA,WP,PETER
1997167N06162,1997-06-26T12:00:00Z,23.525,126.475,1997,6,65,NA,WP,PETER
1997167N06162,1997-06-26T15:00:00Z,24.2175,126.391,1997,6,65,NA,WP,PETER
1997167N06162,1997-06-26T18:00:00Z,24.925,126.35,1997,6,65,NA,WP,PETER
1997167N06162,1997-06-26T21:00:00Z,25.6394,126.319,1997,6,65,NA,WP,PETER
1997167N06162,1997-06-27T00:00:00Z,26.425,126.325,1997,6,65,NA,WP,PETER
1997167N06162,1997-06-27T03:00:00Z,27.3875,126.407,1997,6,65,NA,WP,PETER
1997167N06162,1997-06-27T06:00:00Z,28.45,126.55,1997,6,65,NA,WP,PETER
1997167N06162,1997-06-27T09:00:00Z,29.3029,126.77,1997,6,65,NA,WP,PETER
1997167N06162,1997-06-27T12:00:00Z,30,127.075,1997,6,65,NA,WP,PETER
1997196N08142,1997-07-24T12:00:00Z,24.55,133.175,1997,7,95,NA,WP,ROSIE
1997196N08142,1997-07-24T15:00:00Z,25.1894,133.406,1997,7,92,NA,WP,ROSIE
1997196N08142,1997-07-24T18:00:00Z,25.875,133.6,1997,7,90,NA,WP,ROSIE
1997196N08142,1997-07-24T21:00:00Z,26.4268,133.723,1997,7,90,NA,WP,ROSIE
1997196N08142,1997-07-25T00:00:00Z,26.975,133.85,1997,7,90,NA,WP,ROSIE
1997196N08142,1997-07-25T03:00:00Z,27.6212,134.032,1997,7,87,NA,WP,ROSIE
1997196N08142,1997-07-25T06:00:00Z,28.275,134.25,1997,7,85,NA,WP,ROSIE
1997196N08142,1997-07-25T09:00:00Z,28.875,134.499,1997,7,82,NA,WP,ROSIE
1997196N08142,1997-07-25T12:00:00Z,29.45,134.75,1997,7,80,NA,WP,ROSIE
1997196N08142,1997-07-25T15:00:00Z,30.0693,134.908,1997,7,77,NA,WP,ROSIE
1997196N08142,1997-07-25T18:00:00Z,30.725,135.025,1997,7,75,NA,WP,ROSIE
1997196N08142,1997-07-25T21:00:00Z,31.3875,135.103,1997,7,75,NA,WP,ROSIE
1997196N08142,1997-07-26T00:00:00Z,32.05,135.075,1997,7,75,NA,WP,ROSIE
1997196N08142,1997-07-26T03:00:00Z,32.6387,134.937,1997,7,72,NA,WP,ROSIE
1997196N08142,1997-07-26T06:00:00Z,33.275,134.775,1997,7,70,NA,WP,ROSIE
1997196N08142,1997-07-26T08:00:00Z,33.7935,134.675,1997,7,68,NA,WP,ROSIE
1997196N08142,1997-07-26T09:00:00Z,34.069,134.585,1997,7,67,NA,WP,ROSIE
1997196N08142,1997-07-26T11:00:00Z,34.5919,134.363,1997,7,65,NA,WP,ROSIE
1997196N08142,1997-07-26T12:00:00Z,34.8,134.2,1997,7,65,NA,WP,ROSIE
1997202N04152,1997-08-05T00:00:00Z,20.075,127,1997,8,85,NA,WP,TINA
1997202N04152,1997-08-05T03:00:00Z,20.4806,126.83,1997,8,87,NA,WP,TINA
1997202N04152,1997-08-05T06:00:00Z,20.875,126.675,1997,8,90,NA,WP,TINA
1997202N04152,1997-08-05T09:00:00Z,21.2454,126.528,1997,8,90,NA,WP,TINA
1997202N04152,1997-08-05T12:00:00Z,21.575,126.4,1997,8,90,NA,WP,TINA
1997202N04152,1997-08-05T15:00:00Z,21.835,126.287,1997,8,90,NA,WP,TINA
1997202N04152,1997-08-05T18:00:00Z,22.15,126.25,1997,8,90,NA,WP,TINA
1997202N04152,1997-08-05T21:00:00Z,22.6206,126.212,1997,8,90,NA,WP,TINA
1997202N04152,1997-08-06T00:00:00Z,23.125,126.275,1997,8,90,NA,WP,TINA
1997202N04152,1997-08-06T03:00:00Z,23.5931,126.337,1997,8,90,NA,WP,TINA
1997202N04152,1997-08-06T06:00:00Z,24.05,126.4,1997,8,90,NA,WP,TINA
1997202N04152,1997-08-06T09:00:00Z,24.4806,126.404,1997,8,87,NA,WP,TINA
1997202N04152,1997-08-06T12:00:00Z,24.9,126.4,1997,8,85,NA,WP,TINA
1997202N04152,1997-08-06T15:00:00Z,25.2906,126.387,1997,8,85,NA,WP,TINA
1997202N04152,1997-08-06T18:00:00Z,25.725,126.4,1997,8,85,NA,WP,TINA
1997202N04152,1997-08-06T21:00:00Z,26.2375,126.431,1997,8,82,NA,WP,TINA
1997202N04152,1997-08-07T00:00:00Z,26.75,126.425,1997,8,80,NA,WP,TINA
1997202N04152,1997-08-07T03:00:00Z,27.1612,126.381,1997,8,80,NA,WP,TINA
1997202N04152,1997-08-07T06:00:00Z,27.55,126.325,1997,8,80,NA,WP,TINA
1997202N04152,1997-08-07T09:00:00Z,27.9375,126.234,1997,8,77,NA,WP,TINA
1997202N04152,1997-08-07T12:00:00Z,28.35,126.2,1997,8,75,NA,WP,TINA
1997202N04152,1997-08-07T15:00:00Z,28.7619,126.225,1997,8,72,NA,WP,TINA
1997202N04152,1997-08-07T18:00:00Z,29.15,126.25,1997,8,70,NA,WP,TINA
1997202N04152,1997-08-07T21:00:00Z,29.6313,126.211,1997,8,67,NA,WP,TINA
1997202N04152,1997-08-08T00:00:00Z,30.2,126.175,1997,8,65,NA,WP,TINA
1997217N06168,1997-08-15T06:00:00Z,23,134.9,1997,8,95,NA,WP,WINNIE
1997217N06168,1997-08-15T09:00:00Z,23.1489,134.488,1997,8,92,NA,WP,WINNIE
1997217N06168,1997-08-15T12:00:00Z,23.3,134.05,1997,8,90,NA,WP,WINNIE
1997217N06168,1997-08-15T15:00:00Z,23.4556,133.552,1997,8,90,NA,WP,WINNIE
1997217N06168,1997-08-15T18:00:00Z,23.575,133,1997,8,90,NA,WP,WINNIE
1997217N06168,1997-08-15T21:00:00Z,23.6535,132.589,1997,8,87,NA,WP,WINNIE
1997217N06168,1997-08-16T00:00:00Z,23.725,132.125,1997,8,85,NA,WP,WINNIE
1997217N06168,1997-08-16T03:00:00Z,23.8788,131.611,1997,8,85,NA,WP,WINNIE
1997217N06168,1997-08-16T06:00:00Z,24,131.1,1997,8,85,NA,WP,WINNIE
1997217N06168,1997-08-16T09:00:00Z,24.0248,130.671,1997,8,82,NA,WP,WINNIE
1997217N06168,1997-08-16T12:00:00Z,24.075,130.225,1997,8,80,NA,WP,WINNIE
1997217N06168,1997-08-16T15:00:00Z,24.1349,129.772,1997,8,80,NA,WP,WINNIE
1997217N06168,1997-08-16T18:00:00Z,24.275,129.275,1997,8,80,NA,WP,WINNIE
1997217N06168,1997-08-16T21:00:00Z,24.4886,128.772,1997,8,77,NA,WP,WINNIE
1997217N06168,1997-08-17T00:00:00Z,24.725,128.25,1997,8,75,NA,WP,WINNIE
1997217N06168,1997-08-17T03:00:00Z,24.9037,127.7,1997,8,75,NA,WP,WINNIE
1997217N06168,1997-08-17T06:00:00Z,25.15,127.1,1997,8,75,NA,WP,WINNIE
1997217N06168,1997-08-17T09:00:00Z,25.2922,126.562,1997,8,75,NA,WP,WINNIE
1997217N06168,1997-08-17T12:00:00Z,25.425,126.05,1997,8,75,NA,WP,WINNIE
1997217N06168,1997-08-17T15:00:00Z,25.6563,125.496,1997,8,75,NA,WP,WINNIE
1997217N06168,1997-08-17T18:00:00Z,25.95,124.925,1997,8,75,NA,WP,WINNIE
1997217N06168,1997-08-17T21:00:00Z,26.2902,124.495,1997,8,75,NA,WP,WINNIE
1997217N06168,1997-08-18T00:00:00Z,26.625,124,1997,8,75,NA,WP,WINNIE
1997217N06168,1997-08-18T03:00:00Z,27.0089,123.329,1997,8,75,NA,WP,WINNIE
1997217N06168,1997-08-18T06:00:00Z,27.325,122.65,1997,8,75,NA,WP,WINNIE
1997217N06168,1997-08-18T09:00:00Z,27.6326,122.196,1997,8,75,NA,WP,WINNIE
1997217N06168,1997-08-18T12:00:00Z,28.05,121.725,1997,8,75,NA,WP,WINNIE
1997217N06168,1997-08-18T15:00:00Z,28.5622,121.051,1997,8,70,NA,WP,WINNIE
1997217N06168,1997-08-18T18:00:00Z,29.1,120.325,1997,8,65,NA,WP,WINNIE
1997232N14136,1997-08-28T09:00:00Z,21.8575,122.749,1997,8,97,NA,WP,AMBER
1997232N14136,1997-08-28T12:00:00Z,22.275,122.45,1997,8,95,NA,WP,AMBER
1997232N14136,1997-08-28T15:00:00Z,22.7444,122.074,1997,8,95,NA,WP,AMBER
1997232N14136,1997-08-28T18:00:00Z,23.3,121.625,1997,8,95,NA,WP,AMBER
1997232N14136,1997-08-28T21:00:00Z,23.843,121.271,1997,8,92,NA,WP,AMBER
1997232N14136,1997-08-29T00:00:00Z,24.175,120.675,1997,8,90,NA,WP,AMBER
1997232N14136,1997-08-29T03:00:00Z,24.6531,120.376,1997,8,85,NA,WP,AMBER
1997232N14136,1997-08-29T06:00:00Z,25.15,120.075,1997,8,80,NA,WP,AMBER
1997238N11159,1997-09-03T00:00:00Z,31.1,140.5,1997,9,95,NA,WP,BING
1997238N11159,1997-09-03T03:00:00Z,31.7224,141.175,1997,9,92,NA,WP,BING
1997238N11159,1997-09-03T06:00:00Z,32.325,141.975,1997,9,90,NA,WP,BING
1997238N11159,1997-09-03T09:00:00Z,32.8757,142.968,1997,9,87,NA,WP,BING
1997238N11159,1997-09-03T12:00:00Z,33.5,144.125,1997,9,85,NA,WP,BING
1997238N11159,1997-09-03T15:00:00Z,34.1548,145.413,1997,9,82,NA,WP,BING
1997238N11159,1997-09-03T18:00:00Z,34.9,146.825,1997,9,80,NA,WP,BING
1997238N11159,1997-09-03T21:00:00Z,35.7769,148.28,1997,9,77,NA,WP,BING
1997238N11159,1997-09-04T00:00:00Z,36.725,149.825,1997,9,75,NA,WP,BING
1997240N12193,1997-09-13T21:00:00Z,27.0232,132.123,1997,9,97,NA,WP,OLIWA
1997240N12193,1997-09-14T00:00:00Z,27.4,131.557,1997,9,95,NA,WP,OLIWA
1997240N12193,1997-09-14T03:00:00Z,27.6992,131.048,1997,9,92,NA,WP,OLIWA
1997240N12193,1997-09-14T06:00:00Z,27.9286,130.629,1997,9,90,NA,WP,OLIWA
1997240N12193,1997-09-14T09:00:00Z,28.1395,130.289,1997,9,90,NA,WP,OLIWA
1997240N12193,1997-09-14T12:00:00Z,28.3143,130.043,1997,9,90,NA,WP,OLIWA
1997240N12193,1997-09-14T15:00:00Z,28.4553,129.869,1997,9,87,NA,WP,OLIWA
1997240N12193,1997-09-14T18:00:00Z,28.6,129.743,1997,9,85,NA,WP,OLIWA
1997240N12193,1997-09-14T21:00:00Z,28.7496,129.626,1997,9,85,NA,WP,OLIWA
1997240N12193,1997-09-15T00:00:00Z,28.9143,129.543,1997,9,85,NA,WP,OLIWA
1997240N12193,1997-09-15T03:00:00Z,29.1114,129.497,1997,9,85,NA,WP,OLIWA
1997240N12193,1997-09-15T06:00:00Z,29.3286,129.5,1997,9,85,NA,WP,OLIWA
1997240N12193,1997-09-15T09:00:00Z,29.5961,129.554,1997,9,82,NA,WP,OLIWA
1997240N12193,1997-09-15T12:00:00Z,29.9,129.671,1997,9,80,NA,WP,OLIWA
1997240N12193,1997-09-15T15:00:00Z,30.2067,129.803,1997,9,77,NA,WP,OLIWA
1997240N12193,1997-09-15T18:00:00Z,30.5714,130,1997,9,75,NA,WP,OLIWA
1997240N12193,1997-09-15T21:00:00Z,31.018,130.223,1997,9,72,NA,WP,OLIWA
1997240N12193,1997-09-15T23:00:00Z,31.357,130.435,1997,9,70,NA,WP,OLIWA
1997240N12193,1997-09-16T00:00:00Z,31.5714,130.557,1997,9,70,NA,WP,OLIWA
1997240N12193,1997-09-16T03:00:00Z,32.2483,130.982,1997,9,67,NA,WP,OLIWA
1997240N12193,1997-09-16T06:00:00Z,32.9714,131.529,1997,9,65,NA,WP,OLIWA
1997252N10171,1997-09-16T18:00:00Z,24.8,149.55,1997,9,85,NA,WP,DAVID
1997252N10171,1997-09-16T21:00:00Z,25.0009,148.746,1997,9,82,NA,WP,DAVID
1997252N10171,1997-09-17T00:00:00Z,25.225,147.95,1997,9,80,NA,WP,DAVID
1997252N10171,1997-09-17T03:00:00Z,25.5134,147.162,1997,9,80,NA,WP,DAVID
1997252N10171,1997-09-17T06:00:00Z,25.825,146.4,1997,9,80,NA,WP,DAVID
1997252N10171,1997-09-17T09:00:00Z,26.1057,145.665,1997,9,80,NA,WP,DAVID
1997252N10171,1997-09-17T12:00:00Z,26.4,144.975,1997,9,80,NA,WP,DAVID
1997252N10171,1997-09-17T15:00:00Z,26.7279,144.32,1997,9,75,NA,WP,DAVID
1997252N10171,1997-09-17T18:00:00Z,27.1,143.65,1997,9,70,NA,WP,DAVID
1997252N10171,1997-09-17T21:00:00Z,27.4594,143.064,1997,9,67,NA,WP,DAVID
1997252N10171,1997-09-18T00:00:00Z,27.875,142.55,1997,9,65,NA,WP,DAVID
1997252N10171,1997-09-18T03:00:00Z,28.443,142.149,1997,9,65,NA,WP,DAVID
1997252N10171,1997-09-18T06:00:00Z,29.1,141.9,1997,9,65,NA,WP,DAVID
1997252N10171,1997-09-18T09:00:00Z,29.7449,141.748,1997,9,65,NA,WP,DAVID
1997252N10171,1997-09-18T12:00:00Z,30.475,141.625,1997,9,65,NA,WP,DAVID
1997252N10171,1997-09-18T15:00:00Z,31.2755,141.584,1997,9,65,NA,WP,DAVID
1997252N10171,1997-09-18T18:00:00Z,32.175,141.65,1997,9,65,NA,WP,DAVID
1997252N10171,1997-09-18T21:00:00Z,33.0588,141.929,1997,9,65,NA,WP,DAVID
1997252N10171,1997-09-19T00:00:00Z,33.95,142.375,1997,9,65,NA,WP,DAVID
1997252N10171,1997-09-19T03:00:00Z,34.9891,143.079,1997,9,65,NA,WP,DAVID
1997252N10171,1997-09-19T06:00:00Z,36.1333,144.127,1997,9,65,NA,WP,DAVID
1997283N07177,1997-10-22T12:00:00Z,21.875,127.475,1997,10,65,NA,WP,IVAN
1997283N07177,1997-10-22T15:00:00Z,22.2624,127.836,1997,10,65,NA,WP,IVAN
1997283N07177,1997-10-22T18:00:00Z,22.65,128.25,1997,10,65,NA,WP,IVAN
1998213N14128,1998-08-03T12:00:00Z,20.125,123.25,1998,8,65,NA,WP,OTTO
1998213N14128,1998-08-03T15:00:00Z,20.7663,122.866,1998,8,72,NA,WP,OTTO
1998213N14128,1998-08-03T18:00:00Z,21.325,122.5,1998,8,80,NA,WP,OTTO
1998213N14128,1998-08-03T21:00:00Z,21.7472,122.213,1998,8,90,NA,WP,OTTO
1998213N14128,1998-08-04T03:00:00Z,22.7562,121.569,1998,8,85,NA,WP,OTTO
1998213N14128,1998-08-04T06:00:00Z,23.4,121.2,1998,8,70,NA,WP,OTTO
1998213N14128,1998-08-04T09:00:00Z,24.112,120.666,1998,8,65,NA,WP,OTTO
1998235N17131,1998-08-25T21:00:00Z,25.0917,134.838,1998,8,65,NA,WP,REX
1998235N17131,1998-08-26T00:00:00Z,25.05,135.225,1998,8,70,NA,WP,REX
1998235N17131,1998-08-26T03:00:00Z,25.0205,135.63,1998,8,75,NA,WP,REX
1998235N17131,1998-08-26T06:00:00Z,24.95,136.05,1998,8,80,NA,WP,REX
1998235N17131,1998-08-26T09:00:00Z,24.7837,136.495,1998,8,85,NA,WP,REX
1998235N17131,1998-08-26T12:00:00Z,24.625,136.925,1998,8,90,NA,WP,REX
1998235N17131,1998-08-26T15:00:00Z,24.568,137.299,1998,8,90,NA,WP,REX
1998235N17131,1998-08-26T18:00:00Z,24.575,137.65,1998,8,90,NA,WP,REX
1998235N17131,1998-08-26T21:00:00Z,24.6005,138.013,1998,8,90,NA,WP,REX
1998235N17131,1998-08-27T00:00:00Z,24.675,138.375,1998,8,90,NA,WP,REX
1998235N17131,1998-08-27T03:00:00Z,24.7862,138.747,1998,8,90,NA,WP,REX
1998235N17131,1998-08-27T06:00:00Z,24.95,139.1,1998,8,90,NA,WP,REX
1998235N17131,1998-08-27T09:00:00Z,25.1581,139.428,1998,8,95,NA,WP,REX
1998235N17131,1998-08-29T15:00:00Z,28.9925,140.957,1998,8,97,NA,WP,REX
1998235N17131,1998-08-29T18:00:00Z,29.15,140.975,1998,8,95,NA,WP,REX
1998235N17131,1998-08-29T21:00:00Z,29.3262,141.003,1998,8,92,NA,WP,REX
1998235N17131,1998-08-30T00:00:00Z,29.55,141.05,1998,8,90,NA,WP,REX
1998235N17131,1998-08-30T03:00:00Z,29.8537,141.133,1998,8,90,NA,WP,REX
1998235N17131,1998-08-30T06:00:00Z,30.15,141.25,1998,8,90,NA,WP,REX
1998235N17131,1998-08-30T09:00:00Z,30.346800000000002,141.428,1998,8,90,NA,WP,REX
1998235N17131,1998-08-30T12:00:00Z,30.5,141.65,1998,8,90,NA,WP,REX
1998235N17131,1998-08-30T15:00:00Z,30.6587,141.93,1998,8,90,NA,WP,REX
1998235N17131,1998-08-30T18:00:00Z,30.85,142.275,1998,8,90,NA,WP,REX
1998235N17131,1998-08-30T21:00:00Z,31.068,142.64,1998,8,90,NA,WP,REX
1998235N17131,1998-08-31T00:00:00Z,31.3,143.025,1998,8,90,NA,WP,REX
1998235N17131,1998-08-31T03:00:00Z,31.495,143.524,1998,8,90,NA,WP,REX
1998235N17131,1998-08-31T06:00:00Z,31.575,144.05,1998,8,90,NA,WP,REX
1998235N17131,1998-08-31T09:00:00Z,31.4972,144.485,1998,8,90,NA,WP,REX
1998235N17131,1998-08-31T12:00:00Z,31.3,144.9,1998,8,90,NA,WP,REX
1998235N17131,1998-08-31T15:00:00Z,31.0521,145.324,1998,8,92,NA,WP,REX
1998235N17131,1998-08-31T18:00:00Z,30.775,145.8,1998,8,95,NA,WP,REX
1998235N17131,1998-08-31T21:00:00Z,30.532,146.385,1998,8,97,NA,WP,REX
1998253N17150,1998-09-14T18:00:00Z,27,137.6,1998,9,65,NA,WP,STELLA
1998253N17150,1998-09-14T21:00:00Z,27.5437,137.308,1998,9,65,NA,WP,STELLA
1998253N17150,1998-09-15T00:00:00Z,28.2,137.05,1998,9,65,NA,WP,STELLA
1998253N17150,1998-09-15T03:00:00Z,28.9652,136.777,1998,9,65,NA,WP,STELLA
1998253N17150,1998-09-15T06:00:00Z,29.85,136.625,1998,9,65,NA,WP,STELLA
1998253N17150,1998-09-15T09:00:00Z,30.8147,136.656,1998,9,65,NA,WP,STELLA
1998253N17150,1998-09-15T12:00:00Z,31.775,136.95,1998,9,65,NA,WP,STELLA
1998253N17150,1998-09-15T15:00:00Z,32.8043,137.435,1998,9,65,NA,WP,STELLA
1998253N17150,1998-09-15T18:00:00Z,33.925,138.05,1998,9,65,NA,WP,STELLA
1998253N17150,1998-09-15T19:00:00Z,34.2737,138.266,1998,9,65,NA,WP,STELLA
1998253N17150,1998-09-15T21:00:00Z,34.9447,138.728,1998,9,65,NA,WP,STELLA
1998253N17150,1998-09-16T00:00:00Z,36.175,139.725,1998,9,65,NA,WP,STELLA
1998258N19126,1998-09-16T12:00:00Z,21.25,132.7,1998,9,65,NA,WP,TODD
1998258N19126,1998-09-16T15:00:00Z,21.411,133.042,1998,9,77,NA,WP,TODD
1998258N19126,1998-09-16T18:00:00Z,21.625,133.375,1998,9,90,NA,WP,TODD
1998258N19126,1998-09-17T21:00:00Z,27.5908,133.841,1998,9,90,NA,WP,TODD
1998258N19126,1998-09-18T00:00:00Z,28.6,133.1,1998,9,80,NA,WP,TODD
1998258N19126,1998-09-18T03:00:00Z,29.3299,132.164,1998,9,75,NA,WP,TODD
1998258N19126,1998-09-18T06:00:00Z,29.8,131.025,1998,9,70,NA,WP,TODD
1998258N19126,1998-09-18T09:00:00Z,29.9811,130.054,1998,9,67,NA,WP,TODD
1998258N19126,1998-09-18T12:00:00Z,30.05,129.075,1998,9,65,NA,WP,TODD
1998258N19126,1998-09-18T15:00:00Z,30.072,128.073,1998,9,65,NA,WP,TODD
1998258N19126,1998-09-18T18:00:00Z,30.075,127.175,1998,9,65,NA,WP,TODD
1998259N17118,1998-09-21T00:00:00Z,24.8,129.9,1998,9,65,NA,WP,VICKI
1998259N17118,1998-09-21T03:00:00Z,25.5288,130.527,1998,9,65,NA,WP,VICKI
1998259N17118,1998-09-21T06:00:00Z,26.275,131.15,1998,9,65,NA,WP,VICKI
1998259N17118,1998-09-21T09:00:00Z,26.9092,131.668,1998,9,70,NA,WP,VICKI
1998259N17118,1998-09-21T12:00:00Z,27.625,132.15,1998,9,75,NA,WP,VICKI
1998259N17118,1998-09-21T15:00:00Z,28.4911,132.608,1998,9,82,NA,WP,VICKI
1998259N17118,1998-09-21T18:00:00Z,29.6,133.1,1998,9,90,NA,WP,VICKI
1998259N17118,1998-09-21T21:00:00Z,30.8438,133.61,1998,9,90,NA,WP,VICKI
1998259N17118,1998-09-22T00:00:00Z,32.275,134.2,1998,9,90,NA,WP,VICKI
1998259N17118,1998-09-22T03:00:00Z,33.4994,134.905,1998,9,90,NA,WP,VICKI
1998259N17118,1998-09-22T04:00:00Z,33.9403,135.22,1998,9,90,NA,WP,VICKI
1998259N17118,1998-09-22T06:00:00Z,35,136.05,1998,9,90,NA,WP,VICKI
1998259N17118,1998-09-22T09:00:00Z,36.7236,137.451,1998,9,85,NA,WP,VICKI
1998259N17118,1998-09-22T12:00:00Z,38.4733,139.38,1998,9,80,NA,WP,VICKI
1998259N17118,1998-09-22T15:00:00Z,40.1334,141.48,1998,9,67,NA,WP,VICKI
1998267N13134,1998-09-28T06:00:00Z,23.8,122.175,1998,9,65,NA,WP,YANNI
1998267N13134,1998-09-28T09:00:00Z,24.1318,122.288,1998,9,67,NA,WP,YANNI
1998267N13134,1998-09-28T12:00:00Z,24.475,122.425,1998,9,70,NA,WP,YANNI
1998267N13134,1998-09-28T15:00:00Z,24.8838,122.647,1998,9,72,NA,WP,YANNI
1998267N13134,1998-09-28T18:00:00Z,25.3,122.9,1998,9,75,NA,WP,YANNI
1998267N13134,1998-09-28T21:00:00Z,25.6455,123.116,1998,9,77,NA,WP,YANNI
1998267N13134,1998-09-29T00:00:00Z,26.05,123.4,1998,9,80,NA,WP,YANNI
1998267N13134,1998-09-29T03:00:00Z,26.5817,123.843,1998,9,80,NA,WP,YANNI
1998267N13134,1998-09-29T06:00:00Z,27.2,124.325,1998,9,80,NA,WP,YANNI
1998267N13134,1998-09-29T09:00:00Z,27.9191,124.959,1998,9,77,NA,WP,YANNI
1998267N13134,1998-09-29T12:00:00Z,28.75,125.625,1998,9,75,NA,WP,YANNI
1998267N13134,1998-09-29T15:00:00Z,29.7758,126.204,1998,9,70,NA,WP,YANNI
1998267N13134,1998-09-29T18:00:00Z,30.9,126.625,1998,9,65,NA,WP,YANNI
1998281N11151,1998-10-15T06:00:00Z,20.15,120.95,1998,10,90,NA,WP,ZEB
1998281N11151,1998-10-15T09:00:00Z,20.6756,121.026,1998,10,85,NA,WP,ZEB
1998281N11151,1998-10-15T12:00:00Z,21.25,121.15,1998,10,80,NA,WP,ZEB
1998281N11151,1998-10-15T15:00:00Z,21.8925,121.34,1998,10,80,NA,WP,ZEB
1998281N11151,1998-10-15T18:00:00Z,22.6,121.6,1998,10,80,NA,WP,ZEB
1998281N11151,1998-10-15T21:00:00Z,23.3056,121.885,1998,10,80,NA,WP,ZEB
1998281N11151,1998-10-16T00:00:00Z,24,122.2,1998,10,80,NA,WP,ZEB
1998281N11151,1998-10-16T03:00:00Z,24.5813,122.477,1998,10,82,NA,WP,ZEB
1998281N11151,1998-10-16T06:00:00Z,25.175,122.9,1998,10,85,NA,WP,ZEB
1998281N11151,1998-10-16T09:00:00Z,25.8168,123.607,1998,10,82,NA,WP,ZEB
1998281N11151,1998-10-16T12:00:00Z,26.45,124.475,1998,10,80,NA,WP,ZEB
1998281N11151,1998-10-16T15:00:00Z,27.0525,125.267,1998,10,75,NA,WP,ZEB
1998281N11151,1998-10-16T18:00:00Z,27.65,126.075,1998,10,70,NA,WP,ZEB
1998281N11151,1998-10-16T21:00:00Z,28.458,127.091,1998,10,70,NA,WP,ZEB
1998281N11151,1998-10-17T00:00:00Z,29.25,128.125,1998,10,70,NA,WP,ZEB
1998281N11151,1998-10-17T03:00:00Z,29.9552,129.041,1998,10,70,NA,WP,ZEB
1998281N11151,1998-10-17T06:00:00Z,30.7,129.9,1998,10,70,NA,WP,ZEB
1998281N11151,1998-10-17T07:00:00Z,30.9414,130.239,1998,10,69,NA,WP,ZEB
1998281N11151,1998-10-17T09:00:00Z,31.6374,131.183,1998,10,67,NA,WP,ZEB
1998281N11151,1998-10-17T12:00:00Z,32.8077,132.577,1998,10,65,NA,WP,ZEB
1998281N11151,1998-10-17T14:00:00Z,33.8357,133.624,1998,10,65,NA,WP,ZEB
1998281N11151,1998-10-17T15:00:00Z,34.5539,134.116,1998,10,65,NA,WP,ZEB
1998281N11151,1998-10-17T18:00:00Z,36.5,135.667,1998,10,65,NA,WP,ZEB
1999151N09132,1999-06-05T21:00:00Z,21.4639,120.401,1999,6,95,NA,WP,MAGGIE
1999208N06139,1999-07-31T12:00:00Z,23.225,130.475,1999,7,65,NA,WP,OLGA
1999208N06139,1999-07-31T15:00:00Z,23.4918,130.24,1999,7,67,NA,WP,OLGA
1999208N06139,1999-07-31T18:00:00Z,23.85,130,1999,7,70,NA,WP,OLGA
1999208N06139,1999-07-31T21:00:00Z,24.3444,129.693,1999,7,70,NA,WP,OLGA
1999208N06139,1999-08-01T00:00:00Z,24.825,129.375,1999,8,70,NA,WP,OLGA
1999208N06139,1999-08-01T03:00:00Z,25.2055,129.091,1999,8,72,NA,WP,OLGA
1999208N06139,1999-08-01T06:00:00Z,25.525,128.85,1999,8,75,NA,WP,OLGA
1999208N06139,1999-08-01T09:00:00Z,25.9106,128.522,1999,8,70,NA,WP,OLGA
1999208N06139,1999-08-01T12:00:00Z,26.35,128.1,1999,8,65,NA,WP,OLGA
1999208N06139,1999-08-01T15:00:00Z,26.7719,127.673,1999,8,70,NA,WP,OLGA
1999208N06139,1999-08-01T18:00:00Z,27.15,127.3,1999,8,75,NA,WP,OLGA
1999208N06139,1999-08-01T21:00:00Z,27.4425,126.952,1999,8,75,NA,WP,OLGA
1999208N06139,1999-08-02T00:00:00Z,27.775,126.675,1999,8,75,NA,WP,OLGA
1999208N06139,1999-08-02T03:00:00Z,28.2249,126.483,1999,8,75,NA,WP,OLGA
1999208N06139,1999-08-02T06:00:00Z,28.7,126.35,1999,8,75,NA,WP,OLGA
1999208N06139,1999-08-02T09:00:00Z,29.326,126.175,1999,8,77,NA,WP,OLGA
1999208N06139,1999-08-02T12:00:00Z,30.05,126.025,1999,8,80,NA,WP,OLGA
1999208N06139,1999-08-02T15:00:00Z,30.7444,125.94,1999,8,77,NA,WP,OLGA
1999208N06139,1999-08-02T18:00:00Z,31.525,125.9,1999,8,75,NA,WP,OLGA
1999208N06139,1999-08-02T21:00:00Z,32.4688,125.869,1999,8,72,NA,WP,OLGA
1999208N06139,1999-08-03T00:00:00Z,33.45,125.875,1999,8,70,NA,WP,OLGA
1999208N06139,1999-08-03T03:00:00Z,34.2825,125.917,1999,8,70,NA,WP,OLGA
1999208N06139,1999-08-03T06:00:00Z,35.175,126,1999,8,70,NA,WP,OLGA
1999235N27140,1999-08-25T06:00:00Z,26.1,142.8,1999,8,65,NA,WP,VIRGIL
1999235N27140,1999-08-25T09:00:00Z,26.2162,143.225,1999,8,67,NA,WP,VIRGIL
1999235N27140,1999-08-25T12:00:00Z,26.325,143.6,1999,8,70,NA,WP,VIRGIL
1999235N27140,1999-08-25T15:00:00Z,26.4423,143.886,1999,8,70,NA,WP,VIRGIL
1999235N27140,1999-08-25T18:00:00Z,26.575,144.175,1999,8,70,NA,WP,VIRGIL
1999235N27140,1999-08-25T21:00:00Z,26.73,144.479,1999,8,67,NA,WP,VIRGIL
1999235N27140,1999-08-26T00:00:00Z,26.925,144.775,1999,8,65,NA,WP,VIRGIL
1999235N27140,1999-08-26T03:00:00Z,27.1481,145.042,1999,8,65,NA,WP,VIRGIL
1999235N27140,1999-08-26T06:00:00Z,27.35,145.25,1999,8,65,NA,WP,VIRGIL
1999260N20130,1999-09-20T00:00:00Z,23.575,125.4,1999,9,65,NA,WP,BART
1999260N20130,1999-09-20T03:00:00Z,23.63,125.321,1999,9,70,NA,WP,BART
1999260N20130,1999-09-20T06:00:00Z,23.75,125.3,1999,9,75,NA,WP,BART
1999260N20130,1999-09-20T09:00:00Z,23.8663,125.367,1999,9,77,NA,WP,BART
1999260N20130,1999-09-20T12:00:00Z,24,125.4,1999,9,80,NA,WP,BART
1999260N20130,1999-09-20T15:00:00Z,24.07,125.386,1999,9,90,NA,WP,BART
1999260N20130,1999-09-23T19:00:00Z,32.2388,129.946,1999,9,98,NA,WP,BART
1999260N20130,1999-09-23T21:00:00Z,33.0229,130.476,1999,9,95,NA,WP,BART
1999260N20130,1999-09-23T23:00:00Z,33.8644,131.097,1999,9,91,NA,WP,BART
1999260N20130,1999-09-24T00:00:00Z,34.325,131.375,1999,9,90,NA,WP,BART
1999260N20130,1999-09-24T03:00:00Z,35.7118,132.584,1999,9,80,NA,WP,BART
1999260N20130,1999-09-24T06:00:00Z,37.1267,133.867,1999,9,70,NA,WP,BART
1999260N20130,1999-09-24T09:00:00Z,38.5644,135.388,1999,9,65,NA,WP,BART
2000184N13133,2000-07-05T21:00:00Z,23.7075,133.918,2000,7,92,NA,WP,KIROGI
2000184N13133,2000-07-06T00:00:00Z,24.15,134.225,2000,7,85,NA,WP,KIROGI
2000184N13133,2000-07-06T03:00:00Z,24.5161,134.459,2000,7,85,NA,WP,KIROGI
2000184N13133,2000-07-06T06:00:00Z,24.875,134.7,2000,7,85,NA,WP,KIROGI
2000184N13133,2000-07-06T09:00:00Z,25.2701,135.026,2000,7,80,NA,WP,KIROGI
2000184N13133,2000-07-06T12:00:00Z,25.725,135.375,2000,7,75,NA,WP,KIROGI
2000184N13133,2000-07-06T15:00:00Z,26.2574,135.684,2000,7,75,NA,WP,KIROGI
2000184N13133,2000-07-06T18:00:00Z,26.85,136,2000,7,75,NA,WP,KIROGI
2000184N13133,2000-07-06T21:00:00Z,27.4261,136.341,2000,7,75,NA,WP,KIROGI
2000184N13133,2000-07-07T00:00:00Z,28.1,136.725,2000,7,75,NA,WP,KIROGI
2000184N13133,2000-07-07T03:00:00Z,28.9368,137.161,2000,7,75,NA,WP,KIROGI
2000184N13133,2000-07-07T06:00:00Z,29.875,137.65,2000,7,75,NA,WP,KIROGI
2000184N13133,2000-07-07T09:00:00Z,30.8112,138.175,2000,7,75,NA,WP,KIROGI
2000184N13133,2000-07-07T12:00:00Z,31.825,138.775,2000,7,75,NA,WP,KIROGI
2000184N13133,2000-07-07T15:00:00Z,32.9541,139.322,2000,7,72,NA,WP,KIROGI
2000184N13133,2000-07-07T18:00:00Z,34.125,139.9,2000,7,70,NA,WP,KIROGI
2000184N13133,2000-07-07T21:00:00Z,35.2793,140.66,2000,7,67,NA,WP,KIROGI
2000184N13133,2000-07-08T00:00:00Z,36.45,141.3,2000,7,65,NA,WP,KIROGI
2000184N13133,2000-07-08T03:00:00Z,37.8351,142.043,2000,7,65,NA,WP,KIROGI
2000184N13133,2000-07-08T06:00:00Z,39.1,142.75,2000,7,65,NA,WP,KIROGI
2000185N15117,2000-07-08T12:00:00Z,20.55,120.225,2000,7,65,NA,WP,KAI-TAK
2000185N15117,2000-07-08T15:00:00Z,20.8319,120.511,2000,7,65,NA,WP,KAI-TAK
2000185N15117,2000-07-08T18:00:00Z,21.275,120.8,2000,7,65,NA,WP,KAI-TAK
2000185N15117,2000-07-08T21:00:00Z,21.9,121.118,2000,7,65,NA,WP,KAI-TAK
2000185N15117,2000-07-09T00:00:00Z,22.7,121.375,2000,7,65,NA,WP,KAI-TAK
2000214N22155,2000-08-01T21:00:00Z,22.0329,149.787,2000,8,85,NA,WP,JELAWAT
2000214N22155,2000-08-04T03:00:00Z,25.8873,139.69,2000,8,97,NA,WP,JELAWAT
2000214N22155,2000-08-04T06:00:00Z,26.05,139.05,2000,8,95,NA,WP,JELAWAT
2000214N22155,2000-08-04T09:00:00Z,26.0886,138.373,2000,8,95,NA,WP,JELAWAT
2000214N22155,2000-08-04T12:00:00Z,26.075,137.7,2000,8,95,NA,WP,JELAWAT
2000214N22155,2000-08-04T15:00:00Z,26.0855,137.049,2000,8,95,NA,WP,JELAWAT
2000214N22155,2000-08-04T18:00:00Z,26.1,136.45,2000,8,95,NA,WP,JELAWAT
2000214N22155,2000-08-04T21:00:00Z,26.1284,135.929,2000,8,95,NA,WP,JELAWAT
2000214N22155,2000-08-05T00:00:00Z,26.15,135.45,2000,8,95,NA,WP,JELAWAT
2000214N22155,2000-08-05T03:00:00Z,26.1429,134.961,2000,8,92,NA,WP,JELAWAT
2000214N22155,2000-08-05T06:00:00Z,26.125,134.475,2000,8,90,NA,WP,JELAWAT
2000214N22155,2000-08-05T09:00:00Z,26.1135,133.973,2000,8,90,NA,WP,JELAWAT
2000214N22155,2000-08-05T12:00:00Z,26.1,133.5,2000,8,90,NA,WP,JELAWAT
2000214N22155,2000-08-05T15:00:00Z,26.0767,133.089,2000,8,90,NA,WP,JELAWAT
2000214N22155,2000-08-05T18:00:00Z,26.025,132.7,2000,8,90,NA,WP,JELAWAT
2000214N22155,2000-08-05T21:00:00Z,26.0105,132.313,2000,8,90,NA,WP,JELAWAT
2000214N22155,2000-08-06T00:00:00Z,26,131.95,2000,8,90,NA,WP,JELAWAT
2000214N22155,2000-08-06T03:00:00Z,25.9875,131.543,2000,8,92,NA,WP,JELAWAT
2000214N22155,2000-08-06T06:00:00Z,25.975,131.125,2000,8,95,NA,WP,JELAWAT
2000214N22155,2000-08-06T09:00:00Z,25.9605,130.799,2000,8,97,NA,WP,JELAWAT
2000214N22155,2000-08-07T09:00:00Z,26.3138,128.936,2000,8,95,NA,WP,JELAWAT
2000214N22155,2000-08-07T12:00:00Z,26.5,128.725,2000,8,90,NA,WP,JELAWAT
2000214N22155,2000-08-07T15:00:00Z,26.6694,128.503,2000,8,85,NA,WP,JELAWAT
2000214N22155,2000-08-07T18:00:00Z,26.875,128.35,2000,8,80,NA,WP,JELAWAT
2000214N22155,2000-08-07T21:00:00Z,27.0856,128.196,2000,8,80,NA,WP,JELAWAT
2000214N22155,2000-08-08T00:00:00Z,27.325,128.075,2000,8,80,NA,WP,JELAWAT
2000214N22155,2000-08-08T03:00:00Z,27.5756,127.918,2000,8,80,NA,WP,JELAWAT
2000214N22155,2000-08-08T06:00:00Z,27.775,127.75,2000,8,80,NA,WP,JELAWAT
2000214N22155,2000-08-08T09:00:00Z,27.9112,127.593,2000,8,80,NA,WP,JELAWAT
2000214N22155,2000-08-08T12:00:00Z,27.975,127.4,2000,8,80,NA,WP,JELAWAT
2000214N22155,2000-08-08T15:00:00Z,28.075,127.209,2000,8,80,NA,WP,JELAWAT
2000214N22155,2000-08-08T18:00:00Z,28.2,127,2000,8,80,NA,WP,JELAWAT
2000214N22155,2000-08-08T21:00:00Z,28.3462,126.771,2000,8,82,NA,WP,JELAWAT
2000214N22155,2000-08-09T00:00:00Z,28.5,126.5,2000,8,85,NA,WP,JELAWAT
2000214N22155,2000-08-09T03:00:00Z,28.6524,126.185,2000,8,87,NA,WP,JELAWAT
2000214N22155,2000-08-09T06:00:00Z,28.775,125.825,2000,8,90,NA,WP,JELAWAT
2000214N22155,2000-08-09T09:00:00Z,28.8418,125.434,2000,8,90,NA,WP,JELAWAT
2000214N22155,2000-08-09T12:00:00Z,28.875,125.025,2000,8,90,NA,WP,JELAWAT
2000214N22155,2000-08-09T15:00:00Z,28.8962,124.616,2000,8,85,NA,WP,JELAWAT
2000214N22155,2000-08-09T18:00:00Z,28.925,124.225,2000,8,80,NA,WP,JELAWAT
2000214N22155,2000-08-09T21:00:00Z,28.9979,123.891,2000,8,80,NA,WP,JELAWAT
2000214N22155,2000-08-10T00:00:00Z,29.075,123.55,2000,8,80,NA,WP,JELAWAT
2000214N22155,2000-08-10T03:00:00Z,29.1106,123.14,2000,8,75,NA,WP,JELAWAT
2000214N22155,2000-08-10T06:00:00Z,29.15,122.7,2000,8,70,NA,WP,JELAWAT
2000214N22155,2000-08-10T09:00:00Z,29.2036,122.264,2000,8,67,NA,WP,JELAWAT
2000214N22155,2000-08-10T12:00:00Z,29.325,121.825,2000,8,65,NA,WP,JELAWAT
2000222N14143,2000-08-11T06:00:00Z,25.575,138.05,2000,8,65,NA,WP,EWINIAR
2000222N14143,2000-08-11T09:00:00Z,26.6339,137.707,2000,8,65,NA,WP,EWINIAR
2000222N14143,2000-08-11T12:00:00Z,27.525,137.325,2000,8,65,NA,WP,EWINIAR
2000222N14143,2000-08-14T18:00:00Z,34.675,147.7,2000,8,65,NA,WP,EWINIAR
2000222N14143,2000-08-14T21:00:00Z,34.7683,148.019,2000,8,70,NA,WP,EWINIAR
2000222N14143,2000-08-15T00:00:00Z,34.825,148.375,2000,8,75,NA,WP,EWINIAR
2000222N14143,2000-08-15T03:00:00Z,34.9353,148.878,2000,8,75,NA,WP,EWINIAR
2000222N14143,2000-08-15T06:00:00Z,35.075,149.4,2000,8,75,NA,WP,EWINIAR
2000222N14143,2000-08-15T09:00:00Z,35.2161,149.834,2000,8,75,NA,WP,EWINIAR
2000237N08138,2000-08-29T18:00:00Z,25.925,123.975,2000,8,65,NA,WP,PRAPIROON
2000237N08138,2000-08-29T21:00:00Z,26.3315,123.842,2000,8,67,NA,WP,PRAPIROON
2000237N08138,2000-08-30T00:00:00Z,26.875,123.75,2000,8,70,NA,WP,PRAPIROON
2000237N08138,2000-08-30T03:00:00Z,27.7257,123.536,2000,8,72,NA,WP,PRAPIROON
2000237N08138,2000-08-30T06:00:00Z,28.625,123.325,2000,8,75,NA,WP,PRAPIROON
2000237N08138,2000-08-30T09:00:00Z,29.2718,123.182,2000,8,75,NA,WP,PRAPIROON
2000237N08138,2000-08-30T12:00:00Z,29.9,123.125,2000,8,75,NA,WP,PRAPIROON
2000237N08138,2000-08-30T15:00:00Z,30.6712,123.15,2000,8,75,NA,WP,PRAPIROON
2000237N08138,2000-08-30T18:00:00Z,31.525,123.275,2000,8,75,NA,WP,PRAPIROON
2000237N08138,2000-08-30T21:00:00Z,32.4132,123.497,2000,8,72,NA,WP,PRAPIROON
2000237N08138,2000-08-31T00:00:00Z,33.35,123.75,2000,8,70,NA,WP,PRAPIROON
2000237N08138,2000-08-31T03:00:00Z,34.3152,123.886,2000,8,70,NA,WP,PRAPIROON
2000237N08138,2000-08-31T06:00:00Z,35.3,124.1,2000,8,70,NA,WP,PRAPIROON
2000237N08138,2000-08-31T09:00:00Z,36.2651,124.513,2000,8,67,NA,WP,PRAPIROON
2000237N08138,2000-08-31T12:00:00Z,37.25,125.125,2000,8,65,NA,WP,PRAPIROON
2000245N14157,2000-09-08T15:00:00Z,20.0202,138.954,2000,9,80,NA,WP,SAOMAI
2000245N14157,2000-09-08T18:00:00Z,20.375,138.375,2000,9,85,NA,WP,SAOMAI
2000245N14157,2000-09-08T21:00:00Z,20.6786,137.878,2000,9,87,NA,WP,SAOMAI
2000245N14157,2000-09-09T00:00:00Z,20.975,137.45,2000,9,90,NA,WP,SAOMAI
2000245N14157,2000-09-09T03:00:00Z,21.3011,137.079,2000,9,90,NA,WP,SAOMAI
2000245N14157,2000-09-09T06:00:00Z,21.65,136.75,2000,9,90,NA,WP,SAOMAI
2000245N14157,2000-09-09T09:00:00Z,22.0117,136.44,2000,9,95,NA,WP,SAOMAI
2000245N14157,2000-09-12T09:00:00Z,26.4836,128.016,2000,9,97,NA,WP,SAOMAI
2000245N14157,2000-09-12T10:00:00Z,26.5311,127.932,2000,9,96,NA,WP,SAOMAI
2000245N14157,2000-09-12T12:00:00Z,26.675,127.75,2000,9,95,NA,WP,SAOMAI
2000245N14157,2000-09-12T15:00:00Z,26.8232,127.379,2000,9,92,NA,WP,SAOMAI
2000245N14157,2000-09-12T18:00:00Z,27,127,2000,9,90,NA,WP,SAOMAI
2000245N14157,2000-09-12T21:00:00Z,27.1961,126.707,2000,9,90,NA,WP,SAOMAI
2000245N14157,2000-09-13T00:00:00Z,27.4,126.45,2000,9,90,NA,WP,SAOMAI
2000245N14157,2000-09-13T03:00:00Z,27.6169,126.138,2000,9,90,NA,WP,SAOMAI
2000245N14157,2000-09-13T06:00:00Z,27.8,125.825,2000,9,90,NA,WP,SAOMAI
2000245N14157,2000-09-13T09:00:00Z,27.8831,125.501,2000,9,87,NA,WP,SAOMAI
2000245N14157,2000-09-13T12:00:00Z,27.9,125.225,2000,9,85,NA,WP,SAOMAI
2000245N14157,2000-09-13T15:00:00Z,27.9127,124.966,2000,9,85,NA,WP,SAOMAI
2000245N14157,2000-09-13T18:00:00Z,27.925,124.75,2000,9,85,NA,WP,SAOMAI
2000245N14157,2000-09-13T21:00:00Z,27.9512,124.596,2000,9,87,NA,WP,SAOMAI
2000245N14157,2000-09-14T00:00:00Z,28,124.475,2000,9,90,NA,WP,SAOMAI
2000245N14157,2000-09-14T03:00:00Z,28.0763,124.329,2000,9,90,NA,WP,SAOMAI
2000245N14157,2000-09-14T06:00:00Z,28.175,124.225,2000,9,90,NA,WP,SAOMAI
2000245N14157,2000-09-14T09:00:00Z,28.2818,124.189,2000,9,90,NA,WP,SAOMAI
2000245N14157,2000-09-14T12:00:00Z,28.4,124.225,2000,9,90,NA,WP,SAOMAI
2000245N14157,2000-09-14T15:00:00Z,28.5079,124.278,2000,9,87,NA,WP,SAOMAI
2000245N14157,2000-09-14T18:00:00Z,28.65,124.45,2000,9,85,NA,WP,SAOMAI
2000245N14157,2000-09-14T21:00:00Z,28.814,124.789,2000,9,80,NA,WP,SAOMAI
2000245N14157,2000-09-15T00:00:00Z,29.1,125.25,2000,9,75,NA,WP,SAOMAI
2000245N14157,2000-09-15T03:00:00Z,29.5469,125.755,2000,9,72,NA,WP,SAOMAI
2000245N14157,2000-09-15T06:00:00Z,30.125,126.3,2000,9,70,NA,WP,SAOMAI
2000245N14157,2000-09-15T09:00:00Z,30.8309,126.924,2000,9,67,NA,WP,SAOMAI
2000245N14157,2000-09-15T12:00:00Z,31.7,127.475,2000,9,65,NA,WP,SAOMAI
2000245N14157,2000-09-15T15:00:00Z,32.7878,127.81,2000,9,65,NA,WP,SAOMAI
2000245N14157,2000-09-15T18:00:00Z,34,128.075,2000,9,65,NA,WP,SAOMAI
2000258N22138,2000-09-16T00:00:00Z,24.975,141.75,2000,9,65,NA,WP,SONAMU
2000258N22138,2000-09-16T03:00:00Z,25.515,141.744,2000,9,65,NA,WP,SONAMU
2000258N22138,2000-09-16T06:00:00Z,26.075,141.675,2000,9,65,NA,WP,SONAMU
2000258N22138,2000-09-16T09:00:00Z,26.6413,141.645,2000,9,67,NA,WP,SONAMU
2000258N22138,2000-09-16T12:00:00Z,27.3,141.575,2000,9,70,NA,WP,SONAMU
2000258N22138,2000-09-16T15:00:00Z,28.1426,141.491,2000,9,70,NA,WP,SONAMU
2000258N22138,2000-09-16T18:00:00Z,29.05,141.425,2000,9,70,NA,WP,SONAMU
2000258N22138,2000-09-16T21:00:00Z,29.9949,141.377,2000,9,70,NA,WP,SONAMU
2000258N22138,2000-09-17T00:00:00Z,30.975,141.45,2000,9,70,NA,WP,SONAMU
2000258N22138,2000-09-17T03:00:00Z,32.0788,141.725,2000,9,72,NA,WP,SONAMU
2000258N22138,2000-09-17T06:00:00Z,33.25,142.1,2000,9,75,NA,WP,SONAMU
2000258N22138,2000-09-17T09:00:00Z,34.5087,142.553,2000,9,75,NA,WP,SONAMU
2000258N22138,2000-09-17T12:00:00Z,35.85,143.05,2000,9,75,NA,WP,SONAMU
2000258N22138,2000-09-17T15:00:00Z,37.2887,143.618,2000,9,75,NA,WP,SONAMU
2000258N22138,2000-09-17T18:00:00Z,38.8,144.35,2000,9,75,NA,WP,SONAMU
2000258N22138,2000-09-17T21:00:00Z,40.3202,145.269,2000,9,75,NA,WP,SONAMU
2000258N22138,2000-09-18T00:00:00Z,41.8714,146.414,2000,9,75,NA,WP,SONAMU
2000258N22138,2000-09-18T03:00:00Z,43.4107,147.674,2000,9,70,NA,WP,SONAMU
2000258N22138,2000-09-18T06:00:00Z,44.8556,149.211,2000,9,65,NA,WP,SONAMU
2000295N20146,2000-10-24T00:00:00Z,23,128.2,2000,10,65,NA,WP,YAGI
2000295N20146,2000-10-24T03:00:00Z,23.1835,127.682,2000,10,67,NA,WP,YAGI
2000295N20146,2000-10-24T06:00:00Z,23.375,127.175,2000,10,70,NA,WP,YAGI
2000295N20146,2000-10-24T09:00:00Z,23.5211,126.701,2000,10,82,NA,WP,YAGI
2000295N20146,2000-10-24T12:00:00Z,23.7,126.275,2000,10,95,NA,WP,YAGI
2000295N20146,2000-10-25T03:00:00Z,24.9075,124.64,2000,10,97,NA,WP,YAGI
2000295N20146,2000-10-25T06:00:00Z,25.15,124.5,2000,10,90,NA,WP,YAGI
2000295N20146,2000-10-25T09:00:00Z,25.3556,124.406,2000,10,87,NA,WP,YAGI
2000295N20146,2000-10-25T12:00:00Z,25.55,124.375,2000,10,85,NA,WP,YAGI
2000295N20146,2000-10-25T15:00:00Z,25.7393,124.382,2000,10,82,NA,WP,YAGI
2000295N20146,2000-10-25T18:00:00Z,25.9,124.475,2000,10,80,NA,WP,YAGI
2000295N20146,2000-10-25T21:00:00Z,26.0931,124.795,2000,10,77,NA,WP,YAGI
2000295N20146,2000-10-26T00:00:00Z,26.25,125.15,2000,10,75,NA,WP,YAGI
2000295N20146,2000-10-26T03:00:00Z,26.4475,125.523,2000,10,70,NA,WP,YAGI
2000295N20146,2000-10-26T06:00:00Z,26.55,125.9,2000,10,65,NA,WP,YAGI
2000299N08139,2000-10-31T09:00:00Z,20.2124,120.334,2000,10,90,NA,WP,XANGSANE
2000299N08139,2000-10-31T12:00:00Z,20.9,120.55,2000,10,90,NA,WP,XANGSANE
2000299N08139,2000-10-31T15:00:00Z,21.6269,120.858,2000,10,87,NA,WP,XANGSANE
2000299N08139,2000-10-31T18:00:00Z,22.425,121.225,2000,10,85,NA,WP,XANGSANE
2000299N08139,2000-10-31T21:00:00Z,23.2819,121.61,2000,10,82,NA,WP,XANGSANE
2001170N11138,2001-06-22T12:00:00Z,20.425,121.15,2001,6,75,967,WP,CHEBI
2001170N11138,2001-06-22T15:00:00Z,20.7123,120.478,2001,6,82,960,WP,CHEBI
2001170N11138,2001-06-23T21:00:00Z,27.3183,120.009,2001,6,65,972,WP,CHEBI
2001202N23152,2001-07-23T12:00:00Z,25.275,146.275,2001,7,65,976,WP,KONG-REY
2001202N23152,2001-07-23T15:00:00Z,25.2579,145.808,2001,7,67,974,WP,KONG-REY
2001202N23152,2001-07-23T18:00:00Z,25.275,145.3,2001,7,70,972,WP,KONG-REY
2001202N23152,2001-07-23T21:00:00Z,25.3602,144.719,2001,7,72,969,WP,KONG-REY
2001202N23152,2001-07-24T00:00:00Z,25.5,144.125,2001,7,75,967,WP,KONG-REY
2001202N23152,2001-07-24T03:00:00Z,25.6675,143.562,2001,7,75,967,WP,KONG-REY
2001202N23152,2001-07-24T06:00:00Z,25.85,143,2001,7,75,967,WP,KONG-REY
2001202N23152,2001-07-24T09:00:00Z,26.028,142.565,2001,7,77,965,WP,KONG-REY
2001202N23152,2001-07-24T12:00:00Z,26.25,142.125,2001,7,80,963,WP,KONG-REY
2001202N23152,2001-07-24T15:00:00Z,26.4836,141.76,2001,7,80,963,WP,KONG-REY
2001202N23152,2001-07-24T18:00:00Z,26.725,141.4,2001,7,80,963,WP,KONG-REY
2001202N23152,2001-07-24T21:00:00Z,26.945,141.038,2001,7,80,963,WP,KONG-REY
2001202N23152,2001-07-25T00:00:00Z,27.15,140.725,2001,7,80,963,WP,KONG-REY
2001202N23152,2001-07-25T03:00:00Z,27.3301,140.537,2001,7,80,963,WP,KONG-REY
2001202N23152,2001-07-25T06:00:00Z,27.525,140.45,2001,7,80,963,WP,KONG-REY
2001202N23152,2001-07-25T09:00:00Z,27.7744,140.399,2001,7,80,963,WP,KONG-REY
2001202N23152,2001-07-25T12:00:00Z,28.05,140.4,2001,7,80,963,WP,KONG-REY
2001202N23152,2001-07-25T15:00:00Z,28.3175,140.408,2001,7,80,963,WP,KONG-REY
2001202N23152,2001-07-25T18:00:00Z,28.6,140.475,2001,7,80,963,WP,KONG-REY
2001202N23152,2001-07-25T21:00:00Z,28.9181,140.626,2001,7,80,963,WP,KONG-REY
2001202N23152,2001-07-26T00:00:00Z,29.225,140.825,2001,7,80,963,WP,KONG-REY
2001202N23152,2001-07-26T03:00:00Z,29.4699,141.001,2001,7,80,963,WP,KONG-REY
2001202N23152,2001-07-26T06:00:00Z,29.7,141.225,2001,7,80,963,WP,KONG-REY
2001202N23152,2001-07-26T09:00:00Z,29.9625,141.536,2001,7,82,960,WP,KONG-REY
2001202N23152,2001-07-26T12:00:00Z,30.225,141.9,2001,7,85,958,WP,KONG-REY
2001202N23152,2001-07-26T15:00:00Z,30.4642,142.255,2001,7,85,958,WP,KONG-REY
2001202N23152,2001-07-26T18:00:00Z,30.7,142.65,2001,7,85,958,WP,KONG-REY
2001202N23152,2001-07-26T21:00:00Z,30.9536,143.095,2001,7,85,958,WP,KONG-REY
2001202N23152,2001-07-27T00:00:00Z,31.2,143.6,2001,7,85,958,WP,KONG-REY
2001202N23152,2001-07-27T03:00:00Z,31.4199,144.16,2001,7,85,958,WP,KONG-REY
2001202N23152,2001-07-27T06:00:00Z,31.625,144.75,2001,7,85,958,WP,KONG-REY
2001202N23152,2001-07-27T09:00:00Z,31.8229,145.325,2001,7,82,960,WP,KONG-REY
2001202N23152,2001-07-27T12:00:00Z,32.025,145.9,2001,7,80,963,WP,KONG-REY
2001202N23152,2001-07-27T15:00:00Z,32.2328,146.468,2001,7,75,967,WP,KONG-REY
2001202N23152,2001-07-27T18:00:00Z,32.475,147.05,2001,7,70,972,WP,KONG-REY
2001202N23152,2001-07-27T21:00:00Z,32.77,147.644,2001,7,67,974,WP,KONG-REY
2001202N23152,2001-07-28T00:00:00Z,33.1,148.3,2001,7,65,976,WP,KONG-REY
2001206N14134,2001-07-28T15:00:00Z,20.1463,123.397,2001,7,90,954,WP,TORAJI
2001206N14134,2001-07-28T18:00:00Z,20.5,123.125,2001,7,90,954,WP,TORAJI
2001206N14134,2001-07-28T21:00:00Z,20.8705,122.937,2001,7,90,954,WP,TORAJI
2001206N14134,2001-07-29T00:00:00Z,21.275,122.775,2001,7,90,954,WP,TORAJI
2001206N14134,2001-07-29T03:00:00Z,21.7225,122.575,2001,7,90,954,WP,TORAJI
2001206N14134,2001-07-29T06:00:00Z,22.2,122.375,2001,7,90,954,WP,TORAJI
2001206N14134,2001-07-29T09:00:00Z,22.7165,122.231,2001,7,92,951,WP,TORAJI
2001206N14134,2001-07-29T12:00:00Z,23.175,122.025,2001,7,95,949,WP,TORAJI
2001206N14134,2001-07-29T15:00:00Z,23.4832,121.65,2001,7,97,946,WP,TORAJI
2001206N14134,2001-07-29T21:00:00Z,24.0599,121.122,2001,7,95,949,WP,TORAJI
2001206N14134,2001-07-30T00:00:00Z,24.4,120.975,2001,7,90,954,WP,TORAJI
2001206N14134,2001-07-30T03:00:00Z,24.8152,120.794,2001,7,82,960,WP,TORAJI
2001206N14134,2001-07-30T06:00:00Z,25.2,120.6,2001,7,75,967,WP,TORAJI
2001206N14134,2001-07-30T09:00:00Z,25.4437,120.398,2001,7,75,967,WP,TORAJI
2001206N14134,2001-07-30T12:00:00Z,25.65,120.2,2001,7,75,967,WP,TORAJI
2001206N14134,2001-07-30T15:00:00Z,25.9137,120.021,2001,7,65,975,WP,TORAJI
2001212N10158,2001-08-06T00:00:00Z,26.125,144.6,2001,8,95,949,WP,MAN-YI
2001212N10158,2001-08-06T03:00:00Z,26.3086,144.782,2001,8,95,949,WP,MAN-YI
2001212N10158,2001-08-06T06:00:00Z,26.5,144.975,2001,8,95,949,WP,MAN-YI
2001212N10158,2001-08-07T15:00:00Z,30.5594,148.794,2001,8,97,946,WP,MAN-YI
2001212N10158,2001-08-07T18:00:00Z,31.175,149.275,2001,8,95,949,WP,MAN-YI
2001212N10158,2001-08-07T21:00:00Z,31.8536,149.712,2001,8,90,953,WP,MAN-YI
2001225N18146,2001-08-16T00:00:00Z,20.75,140.2,2001,8,65,976,WP,PABUK
2001225N18146,2001-08-16T03:00:00Z,20.9076,139.875,2001,8,67,974,WP,PABUK
2001225N18146,2001-08-16T06:00:00Z,21.05,139.55,2001,8,70,972,WP,PABUK
2001225N18146,2001-08-16T09:00:00Z,21.1812,139.285,2001,8,70,972,WP,PABUK
2001225N18146,2001-08-16T12:00:00Z,21.275,139.05,2001,8,70,972,WP,PABUK
2001225N18146,2001-08-16T15:00:00Z,21.3018,138.821,2001,8,72,969,WP,PABUK
2001225N18146,2001-08-16T18:00:00Z,21.325,138.6,2001,8,75,967,WP,PABUK
2001225N18146,2001-08-16T21:00:00Z,21.4118,138.377,2001,8,77,965,WP,PABUK
2001225N18146,2001-08-17T00:00:00Z,21.525,138.15,2001,8,80,963,WP,PABUK
2001225N18146,2001-08-17T03:00:00Z,21.6356,137.907,2001,8,80,963,WP,PABUK
2001225N18146,2001-08-17T06:00:00Z,21.75,137.675,2001,8,80,963,WP,PABUK
2001225N18146,2001-08-17T09:00:00Z,21.8531,137.474,2001,8,80,963,WP,PABUK
2001225N18146,2001-08-17T12:00:00Z,21.975,137.3,2001,8,80,963,WP,PABUK
2001225N18146,2001-08-17T15:00:00Z,22.1331,137.141,2001,8,80,963,WP,PABUK
2001225N18146,2001-08-17T18:00:00Z,22.325,137,2001,8,80,963,WP,PABUK
2001225N18146,2001-08-17T21:00:00Z,22.5274,136.884,2001,8,77,965,WP,PABUK
2001225N18146,2001-08-18T00:00:00Z,22.775,136.75,2001,8,75,967,WP,PABUK
2001225N18146,2001-08-18T03:00:00Z,23.0812,136.56,2001,8,75,967,WP,PABUK
2001225N18146,2001-08-18T06:00:00Z,23.425,136.325,2001,8,75,967,WP,PABUK
2001225N18146,2001-08-18T09:00:00Z,23.7806,136.071,2001,8,77,965,WP,PABUK
2001225N18146,2001-08-18T12:00:00Z,24.125,135.775,2001,8,80,963,WP,PABUK
2001225N18146,2001-08-18T15:00:00Z,24.4144,135.432,2001,8,82,960,WP,PABUK
2001225N18146,2001-08-18T18:00:00Z,24.7,135.075,2001,8,85,958,WP,PABUK
2001225N18146,2001-08-18T21:00:00Z,25.0072,134.753,2001,8,87,956,WP,PABUK
2001225N18146,2001-08-19T00:00:00Z,25.375,134.425,2001,8,90,954,WP,PABUK
2001225N18146,2001-08-19T03:00:00Z,25.8357,134.051,2001,8,90,954,WP,PABUK
2001225N18146,2001-08-19T06:00:00Z,26.25,133.7,2001,8,90,954,WP,PABUK
2001225N18146,2001-08-19T09:00:00Z,26.6056,133.4,2001,8,90,954,WP,PABUK
2001225N18146,2001-08-19T12:00:00Z,26.975,133.25,2001,8,90,954,WP,PABUK
2001225N18146,2001-08-19T15:00:00Z,27.3212,133.079,2001,8,90,954,WP,PABUK
2001225N18146,2001-08-19T18:00:00Z,27.7,132.975,2001,8,90,954,WP,PABUK
2001225N18146,2001-08-19T21:00:00Z,28.0887,132.888,2001,8,90,954,WP,PABUK
2001225N18146,2001-08-20T00:00:00Z,28.5,132.875,2001,8,90,954,WP,PABUK
2001225N18146,2001-08-20T03:00:00Z,28.9787,132.902,2001,8,85,958,WP,PABUK
2001225N18146,2001-08-20T06:00:00Z,29.45,133.05,2001,8,80,963,WP,PABUK
2001225N18146,2001-08-20T09:00:00Z,29.8399,133.264,2001,8,77,965,WP,PABUK
2001225N18146,2001-08-20T12:00:00Z,30.15,133.6,2001,8,75,967,WP,PABUK
2001225N18146,2001-08-20T15:00:00Z,30.4833,133.95,2001,8,72,969,WP,PABUK
2001225N18146,2001-08-20T18:00:00Z,30.8,134.35,2001,8,70,972,WP,PABUK
2001225N18146,2001-08-20T21:00:00Z,31.3094,134.664,2001,8,67,974,WP,PABUK
2001225N18146,2001-08-21T00:00:00Z,31.9,134.825,2001,8,65,976,WP,PABUK
2001238N16139,2001-08-28T03:00:00Z,20.0104,143.268,2001,8,72,969,WP,WUTIP
2001238N16139,2001-08-28T06:00:00Z,20.425,143.575,2001,8,80,963,WP,WUTIP
2001238N16139,2001-08-28T09:00:00Z,20.8376,143.952,2001,8,87,956,WP,WUTIP
2001238N16139,2001-08-28T12:00:00Z,21.25,144.325,2001,8,95,949,WP,WUTIP
2001238N16139,2001-08-30T21:00:00Z,27.2875,147.758,2001,8,95,949,WP,WUTIP
2001238N16139,2001-08-31T00:00:00Z,27.675,147.775,2001,8,90,954,WP,WUTIP
2001238N16139,2001-08-31T03:00:00Z,28.0924,147.848,2001,8,85,958,WP,WUTIP
2001238N16139,2001-08-31T06:00:00Z,28.525,148,2001,8,80,963,WP,WUTIP
2001238N16139,2001-08-31T09:00:00Z,28.9719,148.229,2001,8,80,963,WP,WUTIP
2001238N16139,2001-08-31T12:00:00Z,29.4,148.525,2001,8,80,963,WP,WUTIP
2001238N16139,2001-08-31T15:00:00Z,29.7512,148.841,2001,8,77,965,WP,WUTIP
2001238N16139,2001-08-31T18:00:00Z,30.125,149.2,2001,8,75,967,WP,WUTIP
2001238N16139,2001-08-31T21:00:00Z,30.6261,149.588,2001,8,72,969,WP,WUTIP
2001246N19156,2001-09-06T15:00:00Z,25.1094,149.857,2001,9,97,946,WP,DANAS
2001246N19156,2001-09-09T09:00:00Z,30.8215,138.757,2001,9,97,946,WP,DANAS
2001246N19156,2001-09-09T12:00:00Z,31.125,138.4,2001,9,95,949,WP,DANAS
2001246N19156,2001-09-09T15:00:00Z,31.4607,137.958,2001,9,92,951,WP,DANAS
2001246N19156,2001-09-09T18:00:00Z,31.775,137.625,2001,9,90,954,WP,DANAS
2001246N19156,2001-09-09T21:00:00Z,32.1017,137.439,2001,9,87,956,WP,DANAS
2001246N19156,2001-09-10T00:00:00Z,32.45,137.35,2001,9,85,958,WP,DANAS
2001246N19156,2001-09-10T03:00:00Z,32.7556,137.323,2001,9,82,960,WP,DANAS
2001246N19156,2001-09-10T06:00:00Z,33.05,137.4,2001,9,80,963,WP,DANAS
2001246N19156,2001-09-10T09:00:00Z,33.3356,137.593,2001,9,80,963,WP,DANAS
2001246N19156,2001-09-10T12:00:00Z,33.6,137.825,2001,9,80,963,WP,DANAS
2001246N19156,2001-09-10T15:00:00Z,33.888,138.119,2001,9,77,965,WP,DANAS
2001246N19156,2001-09-10T18:00:00Z,34.225,138.5,2001,9,75,967,WP,DANAS
2001246N19156,2001-09-10T21:00:00Z,34.6969,138.972,2001,9,72,969,WP,DANAS
2001246N19156,2001-09-11T00:00:00Z,35.225,139.475,2001,9,70,972,WP,DANAS
2001246N19156,2001-09-11T03:00:00Z,35.7807,139.898,2001,9,67,974,WP,DANAS
2001246N19156,2001-09-11T06:00:00Z,36.35,140.375,2001,9,65,976,WP,DANAS
2001248N23125,2001-09-07T18:00:00Z,26.375,127.775,2001,9,70,972,WP,NARI
2001248N23125,2001-09-07T21:00:00Z,26.5581,127.599,2001,9,70,972,WP,NARI
2001248N23125,2001-09-08T00:00:00Z,26.75,127.325,2001,9,70,972,WP,NARI
2001248N23125,2001-09-08T03:00:00Z,26.9362,127.036,2001,9,67,974,WP,NARI
2001248N23125,2001-09-08T06:00:00Z,27.1,126.725,2001,9,65,976,WP,NARI
2001248N23125,2001-09-08T09:00:00Z,27.165,126.386,2001,9,65,976,WP,NARI
2001248N23125,2001-09-08T12:00:00Z,27.2,126.05,2001,9,65,976,WP,NARI
2001248N23125,2001-09-08T15:00:00Z,27.2344,125.723,2001,9,65,976,WP,NARI
2001248N23125,2001-09-08T18:00:00Z,27.25,125.45,2001,9,65,976,WP,NARI
2001248N23125,2001-09-08T21:00:00Z,27.2662,125.286,2001,9,65,976,WP,NARI
2001248N23125,2001-09-09T00:00:00Z,27.25,125.175,2001,9,65,976,WP,NARI
2001248N23125,2001-09-09T03:00:00Z,27.25,125.069,2001,9,70,971,WP,NARI
2001248N23125,2001-09-09T06:00:00Z,27.25,125.025,2001,9,75,967,WP,NARI
2001248N23125,2001-09-09T09:00:00Z,27.245,125.059,2001,9,75,967,WP,NARI
2001248N23125,2001-09-09T12:00:00Z,27.225,125.025,2001,9,75,967,WP,NARI
2001248N23125,2001-09-09T15:00:00Z,27.1669,125.005,2001,9,75,967,WP,NARI
2001248N23125,2001-09-09T18:00:00Z,27.1,125,2001,9,75,967,WP,NARI
2001248N23125,2001-09-09T21:00:00Z,26.94,125.019,2001,9,70,971,WP,NARI
2001248N23125,2001-09-10T00:00:00Z,26.75,125.05,2001,9,65,976,WP,NARI
2001248N23125,2001-09-10T03:00:00Z,26.5443,125.184,2001,9,65,976,WP,NARI
2001248N23125,2001-09-10T06:00:00Z,26.35,125.375,2001,9,65,976,WP,NARI
2001248N23125,2001-09-10T09:00:00Z,26.2189,125.644,2001,9,65,976,WP,NARI
2001248N23125,2001-09-10T12:00:00Z,26.125,125.95,2001,9,65,976,WP,NARI
2001248N23125,2001-09-10T15:00:00Z,26.0831,126.192,2001,9,70,971,WP,NARI
2001248N23125,2001-09-10T18:00:00Z,26.075,126.375,2001,9,75,967,WP,NARI
2001248N23125,2001-09-10T21:00:00Z,26.0868,126.543,2001,9,80,962,WP,NARI
2001248N23125,2001-09-11T00:00:00Z,26.125,126.7,2001,9,85,958,WP,NARI
2001248N23125,2001-09-11T03:00:00Z,26.1856,126.876,2001,9,90,953,WP,NARI
2001248N23125,2001-09-11T06:00:00Z,26.275,127.025,2001,9,95,949,WP,NARI
2001248N23125,2001-09-11T09:00:00Z,26.3469,127.096,2001,9,97,946,WP,NARI
2001248N23125,2001-09-11T15:00:00Z,26.3806,127.054,2001,9,97,946,WP,NARI
2001248N23125,2001-09-11T18:00:00Z,26.375,127.025,2001,9,95,949,WP,NARI
2001248N23125,2001-09-11T21:00:00Z,26.3787,127.021,2001,9,95,949,WP,NARI
2001248N23125,2001-09-12T00:00:00Z,26.375,127.025,2001,9,95,949,WP,NARI
2001248N23125,2001-09-12T03:00:00Z,26.3556,127.019,2001,9,92,951,WP,NARI
2001248N23125,2001-09-12T06:00:00Z,26.325,127.025,2001,9,90,954,WP,NARI
2001248N23125,2001-09-12T09:00:00Z,26.2244,127.097,2001,9,87,956,WP,NARI
2001248N23125,2001-09-12T12:00:00Z,26.225,127.125,2001,9,85,958,WP,NARI
2001248N23125,2001-09-12T15:00:00Z,26.2725,127.042,2001,9,80,962,WP,NARI
2001248N23125,2001-09-12T18:00:00Z,26.375,126.9,2001,9,75,967,WP,NARI
2001248N23125,2001-09-12T21:00:00Z,26.4513,126.699,2001,9,75,978,WP,NARI
2001248N23125,2001-09-13T00:00:00Z,26.55,126.5,2001,9,75,990,WP,NARI
2001248N23125,2001-09-13T03:00:00Z,26.7031,126.307,2001,9,70,983,WP,NARI
2001248N23125,2001-09-13T06:00:00Z,26.9,126.15,2001,9,65,976,WP,NARI
2001248N23125,2001-09-13T09:00:00Z,27.0863,125.991,2001,9,65,976,WP,NARI
2001248N23125,2001-09-13T12:00:00Z,27.225,125.825,2001,9,65,976,WP,NARI
2001248N23125,2001-09-13T15:00:00Z,27.3237,125.723,2001,9,67,987,WP,NARI
2001248N23125,2001-09-13T18:00:00Z,27.4,125.625,2001,9,70,998,WP,NARI
2001248N23125,2001-09-13T21:00:00Z,27.4938,125.454,2001,9,70,985,WP,NARI
2001248N23125,2001-09-14T00:00:00Z,27.55,125.275,2001,9,70,972,WP,NARI
2001248N23125,2001-09-14T03:00:00Z,27.5425,125.139,2001,9,67,974,WP,NARI
2001248N23125,2001-09-14T06:00:00Z,27.475,125.025,2001,9,65,976,WP,NARI
2001248N23125,2001-09-14T09:00:00Z,27.3743,124.927,2001,9,65,976,WP,NARI
2001248N23125,2001-09-14T12:00:00Z,27.225,124.825,2001,9,65,976,WP,NARI
2001248N23125,2001-09-15T00:00:00Z,26.4,124.3,2001,9,65,976,WP,NARI
2001248N23125,2001-09-15T03:00:00Z,26.1956,124.159,2001,9,67,974,WP,NARI
2001248N23125,2001-09-15T06:00:00Z,26.025,124.025,2001,9,70,972,WP,NARI
2001248N23125,2001-09-15T09:00:00Z,25.912,123.932,2001,9,72,969,WP,NARI
2001248N23125,2001-09-15T12:00:00Z,25.825,123.825,2001,9,75,967,WP,NARI
2001248N23125,2001-09-15T15:00:00Z,25.7194,123.663,2001,9,77,965,WP,NARI
2001248N23125,2001-09-15T18:00:00Z,25.625,123.5,2001,9,80,963,WP,NARI
2001248N23125,2001-09-15T21:00:00Z,25.5587,123.32,2001,9,85,958,WP,NARI
2001248N23125,2001-09-16T00:00:00Z,25.5,123.075,2001,9,90,954,WP,NARI
2001248N23125,2001-09-16T03:00:00Z,25.4594,122.823,2001,9,90,954,WP,NARI
2001248N23125,2001-09-16T06:00:00Z,25.35,122.575,2001,9,90,954,WP,NARI
2001248N23125,2001-09-16T09:00:00Z,25.2438,122.377,2001,9,87,956,WP,NARI
2001248N23125,2001-09-16T12:00:00Z,25.1,122.175,2001,9,85,958,WP,NARI
2001248N23125,2001-09-16T15:00:00Z,24.8757,121.894,2001,9,75,967,WP,NARI
2001248N23125,2001-09-16T18:00:00Z,24.625,121.625,2001,9,65,976,WP,NARI
2001259N20138,2001-09-19T00:00:00Z,29.925,138.125,2001,9,65,976,WP,VIPA
2001259N20138,2001-09-19T03:00:00Z,30.4199,138.163,2001,9,65,976,WP,VIPA
2001259N20138,2001-09-19T06:00:00Z,30.9,138.3,2001,9,65,976,WP,VIPA
2001259N20138,2001-09-19T09:00:00Z,31.3719,138.558,2001,9,65,976,WP,VIPA
2001259N20138,2001-09-19T12:00:00Z,31.8,138.85,2001,9,65,976,WP,VIPA
2001259N20138,2001-09-19T15:00:00Z,32.2055,139.174,2001,9,65,976,WP,VIPA
2001259N20138,2001-09-19T18:00:00Z,32.625,139.625,2001,9,65,976,WP,VIPA
2001259N20138,2001-09-19T21:00:00Z,33.0266,140.122,2001,9,67,974,WP,VIPA
2001259N20138,2001-09-20T00:00:00Z,33.4,140.65,2001,9,70,972,WP,VIPA
2001259N20138,2001-09-20T03:00:00Z,33.7893,141.317,2001,9,70,972,WP,VIPA
2001259N20138,2001-09-20T06:00:00Z,34.2,142.125,2001,9,70,972,WP,VIPA
2001259N20138,2001-09-20T09:00:00Z,34.5255,142.891,2001,9,70,972,WP,VIPA
2001259N20138,2001-09-20T12:00:00Z,34.9,143.725,2001,9,70,972,WP,VIPA
2001259N20138,2001-09-20T15:00:00Z,35.4313,144.686,2001,9,72,969,WP,VIPA
2001259N20138,2001-09-20T18:00:00Z,36.1,145.8,2001,9,75,967,WP,VIPA
2001259N20138,2001-09-20T21:00:00Z,36.8104,146.998,2001,9,75,967,WP,VIPA
2001259N20138,2001-09-21T00:00:00Z,37.7,148.453,2001,9,75,967,WP,VIPA
2001260N14167,2001-09-22T00:00:00Z,20.825,149.925,2001,9,80,963,WP,FRANCISCO
2001260N14167,2001-09-22T03:00:00Z,21.1617,149.542,2001,9,82,960,WP,FRANCISCO
2001260N14167,2001-09-22T06:00:00Z,21.525,149.25,2001,9,85,958,WP,FRANCISCO
2001260N14167,2001-09-22T09:00:00Z,22.0061,149.033,2001,9,87,956,WP,FRANCISCO
2001260N14167,2001-09-22T12:00:00Z,22.525,148.85,2001,9,90,954,WP,FRANCISCO
2001260N14167,2001-09-22T15:00:00Z,22.9981,148.619,2001,9,90,954,WP,FRANCISCO
2001260N14167,2001-09-22T18:00:00Z,23.475,148.4,2001,9,90,954,WP,FRANCISCO
2001260N14167,2001-09-22T21:00:00Z,23.9837,148.237,2001,9,90,954,WP,FRANCISCO
2001260N14167,2001-09-23T00:00:00Z,24.5,148.075,2001,9,90,954,WP,FRANCISCO
2001260N14167,2001-09-23T03:00:00Z,25.0151,147.833,2001,9,90,954,WP,FRANCISCO
2001260N14167,2001-09-23T06:00:00Z,25.5,147.625,2001,9,90,954,WP,FRANCISCO
2001260N14167,2001-09-23T09:00:00Z,25.9199,147.535,2001,9,95,949,WP,FRANCISCO
2001260N14167,2001-09-24T03:00:00Z,29.07,147.991,2001,9,97,946,WP,FRANCISCO
2001260N14167,2001-09-24T06:00:00Z,29.8,148.15,2001,9,95,949,WP,FRANCISCO
2001260N14167,2001-09-24T09:00:00Z,30.5463,148.369,2001,9,90,953,WP,FRANCISCO
2001260N14167,2001-09-24T12:00:00Z,31.375,148.525,2001,9,85,958,WP,FRANCISCO
2001260N14167,2001-09-24T15:00:00Z,32.3219,148.501,2001,9,77,965,WP,FRANCISCO
2001260N14167,2001-09-24T18:00:00Z,33.325,148.4,2001,9,70,972,WP,FRANCISCO
2001260N14167,2001-09-24T21:00:00Z,34.3015,148.243,2001,9,67,974,WP,FRANCISCO
2001260N14167,2001-09-25T00:00:00Z,35.275,148.275,2001,9,65,976,WP,FRANCISCO
2001264N21126,2001-09-24T15:00:00Z,20.0425,121.702,2001,9,72,969,WP,LEKIMA
2001264N21126,2001-09-24T18:00:00Z,20.125,121.75,2001,9,70,972,WP,LEKIMA
2001264N21126,2001-09-24T21:00:00Z,20.2475,121.802,2001,9,72,969,WP,LEKIMA
2001264N21126,2001-09-25T00:00:00Z,20.4,121.85,2001,9,75,967,WP,LEKIMA
2001264N21126,2001-09-25T03:00:00Z,20.5694,121.906,2001,9,77,965,WP,LEKIMA
2001264N21126,2001-09-25T06:00:00Z,20.75,121.925,2001,9,80,963,WP,LEKIMA
2001264N21126,2001-09-25T09:00:00Z,20.9306,121.869,2001,9,85,958,WP,LEKIMA
2001264N21126,2001-09-25T12:00:00Z,21.1,121.775,2001,9,90,954,WP,LEKIMA
2001264N21126,2001-09-25T15:00:00Z,21.245,121.689,2001,9,90,954,WP,LEKIMA
2001264N21126,2001-09-25T18:00:00Z,21.375,121.6,2001,9,90,954,WP,LEKIMA
2001264N21126,2001-09-25T21:00:00Z,21.4831,121.514,2001,9,92,951,WP,LEKIMA
2001264N21126,2001-09-26T00:00:00Z,21.625,121.425,2001,9,95,949,WP,LEKIMA
2001264N21126,2001-09-26T03:00:00Z,21.8637,121.336,2001,9,92,951,WP,LEKIMA
2001264N21126,2001-09-26T06:00:00Z,22.125,121.225,2001,9,90,954,WP,LEKIMA
2001264N21126,2001-09-26T09:00:00Z,22.325,121.059,2001,9,77,965,WP,LEKIMA
2001264N21126,2001-09-26T12:00:00Z,22.525,120.9,2001,9,65,976,WP,LEKIMA
2001276N13146,2001-10-06T21:00:00Z,24.4586,135.585,2001,10,97,946,WP,KROSA
2001276N13146,2001-10-07T00:00:00Z,24.9,135.8,2001,10,95,949,WP,KROSA
2001276N13146,2001-10-07T03:00:00Z,25.2632,136.189,2001,10,92,951,WP,KROSA
2001276N13146,2001-10-07T06:00:00Z,25.6,136.675,2001,10,90,954,WP,KROSA
2001276N13146,2001-10-07T09:00:00Z,25.9481,137.161,2001,10,90,954,WP,KROSA
2001276N13146,2001-10-07T12:00:00Z,26.3,137.65,2001,10,90,954,WP,KROSA
2001276N13146,2001-10-07T15:00:00Z,26.6434,138.089,2001,10,90,954,WP,KROSA
2001276N13146,2001-10-07T18:00:00Z,27.025,138.55,2001,10,90,954,WP,KROSA
2001276N13146,2001-10-07T21:00:00Z,27.4869,139.097,2001,10,87,956,WP,KROSA
2001276N13146,2001-10-08T00:00:00Z,27.975,139.675,2001,10,85,958,WP,KROSA
2001276N13146,2001-10-08T03:00:00Z,28.4297,140.183,2001,10,80,962,WP,KROSA
2001276N13146,2001-10-08T06:00:00Z,28.875,140.775,2001,10,75,967,WP,KROSA
2001276N13146,2001-10-08T09:00:00Z,29.2795,141.52,2001,10,75,967,WP,KROSA
2001276N13146,2001-10-08T12:00:00Z,29.75,142.475,2001,10,75,967,WP,KROSA
2001276N13146,2001-10-08T15:00:00Z,30.3714,143.666,2001,10,75,967,WP,KROSA
2001276N13146,2001-10-08T18:00:00Z,31.075,145,2001,10,75,967,WP,KROSA
2001276N13146,2001-10-08T21:00:00Z,31.7518,146.24,2001,10,75,967,WP,KROSA
2001276N13146,2001-10-09T00:00:00Z,32.5,147.662,2001,10,75,967,WP,KROSA
2001276N13146,2001-10-09T03:00:00Z,33.3727,149.401,2001,10,65,975,WP,KROSA
2001284N16132,2001-10-14T09:00:00Z,20.7436,129.602,2001,10,65,976,WP,HAIYAN
2001284N16132,2001-10-14T12:00:00Z,21.125,129.4,2001,10,70,972,WP,HAIYAN
2001284N16132,2001-10-14T15:00:00Z,21.5014,129.02,2001,10,72,969,WP,HAIYAN
2001284N16132,2001-10-14T18:00:00Z,21.825,128.55,2001,10,75,967,WP,HAIYAN
2001284N16132,2001-10-14T21:00:00Z,22.0723,128.12,2001,10,77,965,WP,HAIYAN
2001284N16132,2001-10-15T00:00:00Z,22.275,127.65,2001,10,80,963,WP,HAIYAN
2001284N16132,2001-10-15T03:00:00Z,22.4733,127.08,2001,10,80,963,WP,HAIYAN
2001284N16132,2001-10-15T06:00:00Z,22.675,126.525,2001,10,80,963,WP,HAIYAN
2001284N16132,2001-10-15T09:00:00Z,22.8859,126.088,2001,10,82,960,WP,HAIYAN
2001284N16132,2001-10-15T12:00:00Z,23.15,125.725,2001,10,85,958,WP,HAIYAN
2001284N16132,2001-10-15T15:00:00Z,23.5012,125.391,2001,10,87,956,WP,HAIYAN
2001284N16132,2001-10-15T18:00:00Z,23.875,125.075,2001,10,90,954,WP,HAIYAN
2001284N16132,2001-10-15T21:00:00Z,24.1926,124.714,2001,10,90,954,WP,HAIYAN
2001284N16132,2001-10-16T00:00:00Z,24.525,124.45,2001,10,90,954,WP,HAIYAN
2001284N16132,2001-10-16T03:00:00Z,24.9261,124.378,2001,10,90,954,WP,HAIYAN
2001284N16132,2001-10-16T06:00:00Z,25.375,124.45,2001,10,90,954,WP,HAIYAN
2001284N16132,2001-10-16T09:00:00Z,25.8536,124.623,2001,10,87,956,WP,HAIYAN
2001284N16132,2001-10-16T12:00:00Z,26.25,124.925,2001,10,85,958,WP,HAIYAN
2001284N16132,2001-10-16T15:00:00Z,26.5987,125.296,2001,10,80,962,WP,HAIYAN
2001284N16132,2001-10-16T18:00:00Z,27,125.8,2001,10,75,967,WP,HAIYAN
2001284N16132,2001-10-16T21:00:00Z,27.3628,126.361,2001,10,72,969,WP,HAIYAN
2001284N16132,2001-10-17T00:00:00Z,27.65,127.025,2001,10,70,972,WP,HAIYAN
2001284N16132,2001-10-17T03:00:00Z,27.8958,127.756,2001,10,70,972,WP,HAIYAN
2001284N16132,2001-10-17T06:00:00Z,28.2,128.625,2001,10,70,972,WP,HAIYAN
2001284N16132,2001-10-17T09:00:00Z,28.5957,129.655,2001,10,67,974,WP,HAIYAN
2001284N16132,2001-10-17T12:00:00Z,28.975,130.65,2001,10,65,976,WP,HAIYAN
2002155N20112,2002-06-08T18:00:00Z,21.8,124.325,2002,6,65,976,WP,NOGURI
2002155N20112,2002-06-08T21:00:00Z,22.2117,124.565,2002,6,75,967,WP,NOGURI
2002155N20112,2002-06-09T00:00:00Z,22.65,124.725,2002,6,85,958,WP,NOGURI
2002155N20112,2002-06-09T03:00:00Z,22.9843,124.763,2002,6,85,958,WP,NOGURI
2002155N20112,2002-06-09T06:00:00Z,23.275,124.8,2002,6,85,958,WP,NOGURI
2002155N20112,2002-06-09T09:00:00Z,23.5487,124.867,2002,6,85,958,WP,NOGURI
2002155N20112,2002-06-09T12:00:00Z,23.875,124.975,2002,6,85,958,WP,NOGURI
2002155N20112,2002-06-09T15:00:00Z,24.3562,125.134,2002,6,82,960,WP,NOGURI
2002155N20112,2002-06-09T17:00:00Z,24.7132,125.306,2002,6,80,962,WP,NOGURI
2002155N20112,2002-06-09T18:00:00Z,24.925,125.425,2002,6,80,963,WP,NOGURI
2002155N20112,2002-06-09T21:00:00Z,25.3962,125.697,2002,6,77,965,WP,NOGURI
2002155N20112,2002-06-10T00:00:00Z,25.85,126.075,2002,6,75,967,WP,NOGURI
2002155N20112,2002-06-10T03:00:00Z,26.4179,126.463,2002,6,70,971,WP,NOGURI
2002155N20112,2002-06-10T06:00:00Z,27.0067,126.947,2002,6,65,976,WP,NOGURI
2002178N04155,2002-07-09T12:00:00Z,28.3,132.9,2002,7,95,949,WP,CHATAAN
2002178N04155,2002-07-09T15:00:00Z,28.693,133.243,2002,7,90,953,WP,CHATAAN
2002178N04155,2002-07-09T18:00:00Z,29.275,133.7,2002,7,85,958,WP,CHATAAN
2002178N04155,2002-07-09T21:00:00Z,29.9984,134.239,2002,7,80,962,WP,CHATAAN
2002178N04155,2002-07-10T00:00:00Z,30.625,134.85,2002,7,75,967,WP,CHATAAN
2002178N04155,2002-07-10T03:00:00Z,31.3099,135.424,2002,7,70,971,WP,CHATAAN
2002178N04155,2002-07-10T06:00:00Z,32.075,136.45,2002,7,65,976,WP,CHATAAN
2002178N10139,2002-07-02T06:00:00Z,20.25,128.9,2002,7,95,949,WP,RAMMASUN
2002178N10139,2002-07-04T09:00:00Z,28.5456,124.142,2002,7,97,946,WP,RAMMASUN
2002178N10139,2002-07-04T12:00:00Z,29.2,124.125,2002,7,90,954,WP,RAMMASUN
2002178N10139,2002-07-04T15:00:00Z,29.9098,124.077,2002,7,85,958,WP,RAMMASUN
2002178N10139,2002-07-04T18:00:00Z,30.65,124,2002,7,80,963,WP,RAMMASUN
2002178N10139,2002-07-04T21:00:00Z,31.4313,123.882,2002,7,72,969,WP,RAMMASUN
2002178N10139,2002-07-05T00:00:00Z,32.1,123.775,2002,7,65,976,WP,RAMMASUN
2002187N11160,2002-07-14T09:00:00Z,25.6355,127.587,2002,7,95,949,WP,HALONG
2002187N11160,2002-07-14T12:00:00Z,26.2,127.575,2002,7,90,954,WP,HALONG
2002187N11160,2002-07-14T15:00:00Z,26.7636,127.534,2002,7,85,958,WP,HALONG
2002187N11160,2002-07-14T18:00:00Z,27.375,127.6,2002,7,80,963,WP,HALONG
2002187N11160,2002-07-14T21:00:00Z,28.0296,127.923,2002,7,77,965,WP,HALONG
2002187N11160,2002-07-15T00:00:00Z,28.725,128.475,2002,7,75,967,WP,HALONG
2002187N11160,2002-07-15T03:00:00Z,29.3803,129.163,2002,7,70,971,WP,HALONG
2002187N11160,2002-07-15T06:00:00Z,30,130.1,2002,7,65,976,WP,HALONG
2002195N11172,2002-07-23T12:00:00Z,27.475,144.7,2002,7,95,949,WP,FENGSHEN
2002195N11172,2002-07-23T15:00:00Z,27.7616,143.883,2002,7,90,953,WP,FENGSHEN
2002195N11172,2002-07-23T18:00:00Z,28,143,2002,7,85,958,WP,FENGSHEN
2002195N11172,2002-07-23T21:00:00Z,28.2097,142.12,2002,7,82,960,WP,FENGSHEN
2002195N11172,2002-07-24T00:00:00Z,28.425,141.15,2002,7,80,963,WP,FENGSHEN
2002195N11172,2002-07-24T03:00:00Z,28.5505,140.22,2002,7,77,965,WP,FENGSHEN
2002195N11172,2002-07-24T06:00:00Z,28.6,139.275,2002,7,75,967,WP,FENGSHEN
2002195N11172,2002-07-24T09:00:00Z,28.6381,138.502,2002,7,72,969,WP,FENGSHEN
2002195N11172,2002-07-24T12:00:00Z,28.7,137.775,2002,7,70,972,WP,FENGSHEN
2002195N11172,2002-07-24T15:00:00Z,28.807,136.955,2002,7,67,974,WP,FENGSHEN
2002195N11172,2002-07-24T18:00:00Z,28.975,136.075,2002,7,65,976,WP,FENGSHEN
2002195N11172,2002-07-24T21:00:00Z,29.1939,135.135,2002,7,65,976,WP,FENGSHEN
2002195N11172,2002-07-25T00:00:00Z,29.475,134.175,2002,7,65,976,WP,FENGSHEN
2002200N21150,2002-07-23T06:00:00Z,22.875,131.1,2002,7,65,976,WP,FUNG-WONG
2002200N21150,2002-07-23T09:00:00Z,22.7369,130.745,2002,7,65,976,WP,FUNG-WONG
2002200N21150,2002-07-23T12:00:00Z,22.55,130.45,2002,7,65,976,WP,FUNG-WONG
2002200N21150,2002-07-23T15:00:00Z,22.3343,130.237,2002,7,65,976,WP,FUNG-WONG
2002200N21150,2002-07-23T18:00:00Z,22.1,130.125,2002,7,65,976,WP,FUNG-WONG
2002222N09163,2002-08-14T18:00:00Z,20.15,148.175,2002,8,90,954,WP,PHANFONE
2002222N09163,2002-08-14T21:00:00Z,20.6243,147.547,2002,8,95,949,WP,PHANFONE
2002222N09163,2002-08-18T09:00:00Z,31.2662,136.671,2002,8,95,949,WP,PHANFONE
2002222N09163,2002-08-18T12:00:00Z,31.45,136.975,2002,8,90,954,WP,PHANFONE
2002222N09163,2002-08-18T15:00:00Z,31.6086,137.263,2002,8,90,954,WP,PHANFONE
2002222N09163,2002-08-18T18:00:00Z,31.825,137.675,2002,8,90,954,WP,PHANFONE
2002222N09163,2002-08-18T21:00:00Z,32.034,138.239,2002,8,87,956,WP,PHANFONE
2002222N09163,2002-08-19T00:00:00Z,32.275,138.85,2002,8,85,958,WP,PHANFONE
2002222N09163,2002-08-19T03:00:00Z,32.4814,139.341,2002,8,80,962,WP,PHANFONE
2002222N09163,2002-08-19T06:00:00Z,32.7,139.775,2002,8,75,967,WP,PHANFONE
2002222N09163,2002-08-19T07:00:00Z,32.8161,139.937,2002,8,73,968,WP,PHANFONE
2002222N09163,2002-08-19T09:00:00Z,33.0302,140.289,2002,8,70,971,WP,PHANFONE
2002222N09163,2002-08-19T12:00:00Z,33.25,141,2002,8,65,976,WP,PHANFONE
2002234N14164,2002-08-25T12:00:00Z,21.35,149.425,2002,8,85,958,WP,RUSA
2002234N14164,2002-08-25T15:00:00Z,21.6054,148.696,2002,8,87,956,WP,RUSA
2002234N14164,2002-08-25T18:00:00Z,21.85,148,2002,8,90,954,WP,RUSA
2002234N14164,2002-08-25T21:00:00Z,21.9822,147.354,2002,8,95,949,WP,RUSA
2002234N14164,2002-08-27T09:00:00Z,24.0294,139.88,2002,8,97,940,WP,RUSA
2002234N14164,2002-08-27T12:00:00Z,24.225,139.275,2002,8,90,954,WP,RUSA
2002234N14164,2002-08-27T15:00:00Z,24.4423,138.6,2002,8,92,951,WP,RUSA
2002234N14164,2002-08-27T18:00:00Z,24.675,137.9,2002,8,95,949,WP,RUSA
2002234N14164,2002-08-27T21:00:00Z,24.9029,137.196,2002,8,95,949,WP,RUSA
2002234N14164,2002-08-28T00:00:00Z,25.15,136.5,2002,8,95,949,WP,RUSA
2002234N14164,2002-08-28T03:00:00Z,25.4262,135.817,2002,8,92,951,WP,RUSA
2002234N14164,2002-08-28T06:00:00Z,25.725,135.175,2002,8,90,954,WP,RUSA
2002234N14164,2002-08-28T09:00:00Z,26.0373,134.578,2002,8,90,954,WP,RUSA
2002234N14164,2002-08-28T12:00:00Z,26.375,133.875,2002,8,90,954,WP,RUSA
2002234N14164,2002-08-28T15:00:00Z,26.6678,133.312,2002,8,87,956,WP,RUSA
2002234N14164,2002-08-28T18:00:00Z,26.975,132.675,2002,8,85,958,WP,RUSA
2002234N14164,2002-08-28T21:00:00Z,27.2076,132.03,2002,8,85,958,WP,RUSA
2002234N14164,2002-08-29T00:00:00Z,27.5,131.375,2002,8,85,958,WP,RUSA
2002234N14164,2002-08-29T03:00:00Z,27.6623,130.838,2002,8,82,960,WP,RUSA
2002234N14164,2002-08-29T06:00:00Z,27.9,130.375,2002,8,80,963,WP,RUSA
2002234N14164,2002-08-29T09:00:00Z,28.1749,129.922,2002,8,80,963,WP,RUSA
2002234N14164,2002-08-29T12:00:00Z,28.425,129.525,2002,8,80,963,WP,RUSA
2002234N14164,2002-08-29T15:00:00Z,28.6373,129.163,2002,8,80,963,WP,RUSA
2002234N14164,2002-08-29T18:00:00Z,28.875,128.9,2002,8,80,963,WP,RUSA
2002234N14164,2002-08-29T21:00:00Z,29.1563,128.571,2002,8,80,963,WP,RUSA
2002234N14164,2002-08-30T00:00:00Z,29.45,128.25,2002,8,80,963,WP,RUSA
2002234N14164,2002-08-30T03:00:00Z,29.8318,127.974,2002,8,80,963,WP,RUSA
2002234N14164,2002-08-30T06:00:00Z,30.2,127.825,2002,8,80,963,WP,RUSA
2002234N14164,2002-08-30T09:00:00Z,30.5125,127.704,2002,8,77,965,WP,RUSA
2002234N14164,2002-08-30T12:00:00Z,30.825,127.625,2002,8,75,967,WP,RUSA
2002234N14164,2002-08-30T15:00:00Z,31.1612,127.578,2002,8,72,969,WP,RUSA
2002234N14164,2002-08-30T18:00:00Z,31.55,127.55,2002,8,70,972,WP,RUSA
2002234N14164,2002-08-30T21:00:00Z,32.0231,127.537,2002,8,70,972,WP,RUSA
2002234N14164,2002-08-31T00:00:00Z,32.65,127.4,2002,8,70,972,WP,RUSA
2002234N14164,2002-08-31T03:00:00Z,33.3656,127.382,2002,8,70,972,WP,RUSA
2002234N14164,2002-08-31T06:00:00Z,34.15,127.4,2002,8,70,972,WP,RUSA
2002240N16155,2002-09-02T03:00:00Z,24.3086,141.104,2002,9,97,946,WP,SINLAKU
2002240N16155,2002-09-02T06:00:00Z,24.375,140.4,2002,9,95,949,WP,SINLAKU
2002240N16155,2002-09-02T09:00:00Z,24.4035,139.717,2002,9,92,951,WP,SINLAKU
2002240N16155,2002-09-02T12:00:00Z,24.425,139.05,2002,9,90,954,WP,SINLAKU
2002240N16155,2002-09-02T15:00:00Z,24.4434,138.402,2002,9,90,954,WP,SINLAKU
2002240N16155,2002-09-02T18:00:00Z,24.5,137.75,2002,9,90,954,WP,SINLAKU
2002240N16155,2002-09-02T21:00:00Z,24.6253,137.077,2002,9,90,954,WP,SINLAKU
2002240N16155,2002-09-03T00:00:00Z,24.8,136.375,2002,9,90,954,WP,SINLAKU
2002240N16155,2002-09-03T03:00:00Z,25.0001,135.633,2002,9,90,954,WP,SINLAKU
2002240N16155,2002-09-03T06:00:00Z,25.2,134.875,2002,9,90,954,WP,SINLAKU
2002240N16155,2002-09-03T09:00:00Z,25.3737,134.11,2002,9,90,954,WP,SINLAKU
2002240N16155,2002-09-03T12:00:00Z,25.5,133.325,2002,9,90,954,WP,SINLAKU
2002240N16155,2002-09-03T15:00:00Z,25.5964,132.678,2002,9,90,954,WP,SINLAKU
2002240N16155,2002-09-03T18:00:00Z,25.675,132.1,2002,9,90,954,WP,SINLAKU
2002240N16155,2002-09-03T21:00:00Z,25.7481,131.384,2002,9,90,954,WP,SINLAKU
2002240N16155,2002-09-04T00:00:00Z,25.875,130.725,2002,9,90,954,WP,SINLAKU
2002240N16155,2002-09-04T03:00:00Z,25.9766,130.122,2002,9,90,954,WP,SINLAKU
2002240N16155,2002-09-04T06:00:00Z,26.075,129.55,2002,9,90,954,WP,SINLAKU
2002240N16155,2002-09-04T09:00:00Z,26.1642,129.003,2002,9,90,954,WP,SINLAKU
2002240N16155,2002-09-04T12:00:00Z,26.225,128.475,2002,9,90,954,WP,SINLAKU
2002240N16155,2002-09-04T15:00:00Z,26.2931,127.926,2002,9,92,951,WP,SINLAKU
2002240N16155,2002-09-04T18:00:00Z,26.375,127.425,2002,9,95,949,WP,SINLAKU
2002240N16155,2002-09-04T21:00:00Z,26.4286,127.077,2002,9,95,949,WP,SINLAKU
2002240N16155,2002-09-04T23:00:00Z,26.4421,126.874,2002,9,95,949,WP,SINLAKU
2002240N16155,2002-09-05T00:00:00Z,26.45,126.775,2002,9,95,949,WP,SINLAKU
2002240N16155,2002-09-05T03:00:00Z,26.5162,126.462,2002,9,92,951,WP,SINLAKU
2002240N16155,2002-09-05T06:00:00Z,26.55,126.2,2002,9,90,954,WP,SINLAKU
2002240N16155,2002-09-05T09:00:00Z,26.5687,126.003,2002,9,90,954,WP,SINLAKU
2002240N16155,2002-09-05T12:00:00Z,26.575,125.775,2002,9,90,954,WP,SINLAKU
2002240N16155,2002-09-05T15:00:00Z,26.4719,125.526,2002,9,90,954,WP,SINLAKU
2002240N16155,2002-09-05T18:00:00Z,26.325,125.325,2002,9,90,954,WP,SINLAKU
2002240N16155,2002-09-05T21:00:00Z,26.2493,125.23,2002,9,90,954,WP,SINLAKU
2002240N16155,2002-09-06T00:00:00Z,26.125,125.125,2002,9,90,954,WP,SINLAKU
2002240N16155,2002-09-06T03:00:00Z,26.1138,124.939,2002,9,87,956,WP,SINLAKU
2002240N16155,2002-09-06T06:00:00Z,26.125,124.8,2002,9,85,958,WP,SINLAKU
2002240N16155,2002-09-06T09:00:00Z,26.1492,124.699,2002,9,85,958,WP,SINLAKU
2002240N16155,2002-09-06T12:00:00Z,26.2,124.5,2002,9,85,958,WP,SINLAKU
2002240N16155,2002-09-06T15:00:00Z,26.2863,124.207,2002,9,82,960,WP,SINLAKU
2002240N16155,2002-09-06T18:00:00Z,26.45,123.8,2002,9,80,963,WP,SINLAKU
2002240N16155,2002-09-06T21:00:00Z,26.6871,123.431,2002,9,75,967,WP,SINLAKU
2002240N16155,2002-09-07T00:00:00Z,26.95,123.05,2002,9,70,972,WP,SINLAKU
2002240N16155,2002-09-07T03:00:00Z,27.1166,122.309,2002,9,70,972,WP,SINLAKU
2002240N16155,2002-09-07T06:00:00Z,27.2,121.475,2002,9,70,972,WP,SINLAKU
2002240N16155,2002-09-07T09:00:00Z,27.2121,120.905,2002,9,67,974,WP,SINLAKU
2002240N16155,2002-09-07T12:00:00Z,27.2,120.35,2002,9,65,976,WP,SINLAKU
2002268N15163,2002-10-01T06:00:00Z,32.8,138.3,2002,10,95,949,WP,HIGOS
2002268N15163,2002-10-01T09:00:00Z,34.2395,139.028,2002,10,87,956,WP,HIGOS
2002268N15163,2002-10-01T11:00:00Z,35.249,139.594,2002,10,82,960,WP,HIGOS
2002268N15163,2002-10-01T12:00:00Z,35.85,139.9,2002,10,80,963,WP,HIGOS
2002268N15163,2002-10-01T15:00:00Z,38.1695,140.785,2002,10,72,969,WP,HIGOS
2002268N15163,2002-10-01T18:00:00Z,40.5267,141.373,2002,10,65,976,WP,HIGOS
2002282N10156,2002-10-12T00:00:00Z,23.25,147.35,2002,10,65,976,WP,BAVI
2002282N10156,2002-10-12T03:00:00Z,23.798,147.16,2002,10,65,976,WP,BAVI
2002282N10156,2002-10-12T06:00:00Z,24.425,147.05,2002,10,65,976,WP,BAVI
2002282N10156,2002-10-12T09:00:00Z,25.125,146.906,2002,10,67,974,WP,BAVI
2002282N10156,2002-10-12T12:00:00Z,25.825,146.8,2002,10,70,972,WP,BAVI
2002282N10156,2002-10-12T15:00:00Z,26.4368,146.736,2002,10,70,972,WP,BAVI
2002282N10156,2002-10-12T18:00:00Z,27,146.75,2002,10,70,972,WP,BAVI
2002282N10156,2002-10-12T21:00:00Z,27.5393,146.845,2002,10,67,974,WP,BAVI
2002282N10156,2002-10-13T00:00:00Z,28.075,147.025,2002,10,65,976,WP,BAVI
2003158N08156,2003-06-17T03:00:00Z,20.2041,123.104,2003,6,75,967,WP,SOUDELOR
2003158N08156,2003-06-17T06:00:00Z,20.725,123.225,2003,6,75,967,WP,SOUDELOR
2003158N08156,2003-06-17T09:00:00Z,21.3557,123.417,2003,6,75,967,WP,SOUDELOR
2003158N08156,2003-06-17T12:00:00Z,22.025,123.575,2003,6,75,967,WP,SOUDELOR
2003158N08156,2003-06-17T15:00:00Z,22.735,123.699,2003,6,82,960,WP,SOUDELOR
2003158N08156,2003-06-17T18:00:00Z,23.525,123.8,2003,6,90,954,WP,SOUDELOR
2003158N08156,2003-06-17T20:00:00Z,24.077,123.822,2003,6,93,950,WP,SOUDELOR
2003158N08156,2003-06-17T21:00:00Z,24.3043,123.832,2003,6,95,949,WP,SOUDELOR
2003158N08156,2003-06-18T18:00:00Z,30.025,126.775,2003,6,85,958,WP,SOUDELOR
2003158N08156,2003-06-18T21:00:00Z,31.2198,127.449,2003,6,77,965,WP,SOUDELOR
2003158N08156,2003-06-19T00:00:00Z,32.5,128.2,2003,6,70,972,WP,SOUDELOR
2003158N08156,2003-06-19T03:00:00Z,33.832,128.939,2003,6,67,974,WP,SOUDELOR
2003158N08156,2003-06-19T04:00:00Z,34.2314,129.222,2003,6,66,974,WP,SOUDELOR
2003158N08156,2003-06-19T06:00:00Z,35,129.793,2003,6,65,976,WP,SOUDELOR
2003212N09150,2003-08-05T18:00:00Z,20.5,130.175,2003,8,90,954,WP,ETAU
2003212N09150,2003-08-05T21:00:00Z,21.0156,129.797,2003,8,92,951,WP,ETAU
2003212N09150,2003-08-06T00:00:00Z,21.55,129.45,2003,8,95,949,WP,ETAU
2003212N09150,2003-08-06T03:00:00Z,22.1637,129.134,2003,8,95,949,WP,ETAU
2003212N09150,2003-08-06T06:00:00Z,22.8,128.9,2003,8,95,949,WP,ETAU
2003212N09150,2003-08-06T09:00:00Z,23.3915,128.797,2003,8,95,949,WP,ETAU
2003212N09150,2003-08-06T12:00:00Z,24,128.725,2003,8,95,949,WP,ETAU
2003212N09150,2003-08-06T15:00:00Z,24.6588,128.563,2003,8,97,946,WP,ETAU
2003212N09150,2003-08-08T03:00:00Z,31.4092,132.592,2003,8,95,949,WP,ETAU
2003212N09150,2003-08-08T06:00:00Z,32.05,133.075,2003,8,90,954,WP,ETAU
2003212N09150,2003-08-08T09:00:00Z,32.6667,133.564,2003,8,90,954,WP,ETAU
2003212N09150,2003-08-08T12:00:00Z,33.225,134,2003,8,90,954,WP,ETAU
2003212N09150,2003-08-08T15:00:00Z,33.7313,134.388,2003,8,85,958,WP,ETAU
2003212N09150,2003-08-08T18:00:00Z,34.25,134.825,2003,8,80,963,WP,ETAU
2003212N09150,2003-08-08T21:00:00Z,34.8239,135.409,2003,8,72,969,WP,ETAU
2003212N09150,2003-08-09T00:00:00Z,35.55,136.2,2003,8,65,976,WP,ETAU
2003212N12130,2003-08-03T06:00:00Z,21.375,121.4,2003,8,65,976,WP,MORAKOT
2003212N12130,2003-08-03T09:00:00Z,21.7654,121.208,2003,8,65,976,WP,MORAKOT
2003212N12130,2003-08-03T12:00:00Z,22.175,121.025,2003,8,65,976,WP,MORAKOT
2003240N20139,2003-08-31T09:00:00Z,20.0189,128.921,2003,8,92,951,WP,DUJUAN
2003240N20139,2003-08-31T12:00:00Z,20.175,128.25,2003,8,95,949,WP,DUJUAN
2003240N20139,2003-08-31T15:00:00Z,20.2929,127.536,2003,8,97,946,WP,DUJUAN
2003247N10153,2003-09-08T06:00:00Z,20.1,132.825,2003,9,70,972,WP,MAEMI
2003247N10153,2003-09-08T09:00:00Z,20.2704,132.39,2003,9,72,969,WP,MAEMI
2003247N10153,2003-09-08T12:00:00Z,20.475,132,2003,9,75,967,WP,MAEMI
2003247N10153,2003-09-08T15:00:00Z,20.7143,131.582,2003,9,75,967,WP,MAEMI
2003247N10153,2003-09-08T18:00:00Z,21.025,131.175,2003,9,75,967,WP,MAEMI
2003247N10153,2003-09-08T21:00:00Z,21.446,130.809,2003,9,82,960,WP,MAEMI
2003247N10153,2003-09-09T00:00:00Z,21.875,130.425,2003,9,90,954,WP,MAEMI
2003247N10153,2003-09-12T12:00:00Z,34.9,128.3,2003,9,95,949,WP,MAEMI
2003247N10153,2003-09-12T15:00:00Z,35.9415,128.995,2003,9,87,956,WP,MAEMI
2003247N10153,2003-09-12T18:00:00Z,36.975,129.775,2003,9,80,963,WP,MAEMI
2003247N10153,2003-09-12T21:00:00Z,38.0554,130.645,2003,9,77,965,WP,MAEMI
2003247N10153,2003-09-13T00:00:00Z,39.0467,131.72,2003,9,75,967,WP,MAEMI
2003247N10153,2003-09-13T03:00:00Z,39.806,133.036,2003,9,67,973,WP,MAEMI
2003259N13133,2003-09-19T18:00:00Z,27.75,128.725,2003,9,65,976,WP,CHOI-WAN
2003259N13133,2003-09-19T21:00:00Z,28.083,129.072,2003,9,65,976,WP,CHOI-WAN
2003259N13133,2003-09-19T22:00:00Z,28.1864,129.225,2003,9,65,976,WP,CHOI-WAN
2003259N13133,2003-09-20T00:00:00Z,28.4,129.5,2003,9,65,976,WP,CHOI-WAN
2003259N13133,2003-09-20T03:00:00Z,28.6097,130.027,2003,9,65,976,WP,CHOI-WAN
2003259N13133,2003-09-20T06:00:00Z,28.75,130.55,2003,9,65,976,WP,CHOI-WAN
2003259N13133,2003-09-20T09:00:00Z,28.8567,131.229,2003,9,67,974,WP,CHOI-WAN
2003259N13133,2003-09-20T12:00:00Z,28.975,132,2003,9,70,972,WP,CHOI-WAN
2003259N13133,2003-09-20T15:00:00Z,29.2056,132.779,2003,9,70,972,WP,CHOI-WAN
2003259N13133,2003-09-20T18:00:00Z,29.475,133.65,2003,9,70,972,WP,CHOI-WAN
2003259N13133,2003-09-20T21:00:00Z,29.7331,134.674,2003,9,80,963,WP,CHOI-WAN
2003259N13133,2003-09-21T00:00:00Z,30,135.75,2003,9,90,954,WP,CHOI-WAN
2003259N13133,2003-09-21T03:00:00Z,30.4937,136.373,2003,9,95,949,WP,CHOI-WAN
2003259N13133,2003-09-21T21:00:00Z,33.7752,141.827,2003,9,97,946,WP,CHOI-WAN
2003259N13133,2003-09-22T00:00:00Z,34.4,142.8,2003,9,95,949,WP,CHOI-WAN
2003259N13133,2003-09-22T03:00:00Z,35.1044,143.845,2003,9,92,951,WP,CHOI-WAN
2003259N13133,2003-09-22T06:00:00Z,35.9,145,2003,9,90,954,WP,CHOI-WAN
2003259N13133,2003-09-22T09:00:00Z,36.7627,146.219,2003,9,82,960,WP,CHOI-WAN
2003259N13133,2003-09-22T12:00:00Z,37.6667,147.627,2003,9,75,967,WP,CHOI-WAN
2003259N13133,2003-09-22T15:00:00Z,38.5545,149.24,2003,9,70,971,WP,CHOI-WAN
2003267N15140,2003-09-28T09:00:00Z,25.8537,140.641,2003,9,65,976,WP,KOPPU
2003267N15140,2003-09-28T12:00:00Z,26.15,140.675,2003,9,70,972,WP,KOPPU
2003267N15140,2003-09-28T15:00:00Z,26.4587,140.705,2003,9,75,967,WP,KOPPU
2003267N15140,2003-09-28T18:00:00Z,26.775,140.825,2003,9,80,963,WP,KOPPU
2003267N15140,2003-09-28T21:00:00Z,27.0813,141.054,2003,9,82,960,WP,KOPPU
2003267N15140,2003-09-29T00:00:00Z,27.425,141.3,2003,9,85,958,WP,KOPPU
2003267N15140,2003-09-29T03:00:00Z,27.8724,141.544,2003,9,87,956,WP,KOPPU
2003267N15140,2003-09-29T06:00:00Z,28.4,141.85,2003,9,90,954,WP,KOPPU
2003267N15140,2003-09-29T09:00:00Z,28.8842,142.201,2003,9,87,956,WP,KOPPU
2003267N15140,2003-09-29T12:00:00Z,29.4,142.7,2003,9,85,958,WP,KOPPU
2003267N15140,2003-09-29T15:00:00Z,29.9229,143.349,2003,9,80,958,WP,KOPPU
2003267N15140,2003-09-29T18:00:00Z,30.6267,144.273,2003,9,75,958,WP,KOPPU
2003267N15140,2003-09-29T21:00:00Z,31.6028,145.529,2003,9,67,969,WP,KOPPU
2003290N15132,2003-10-24T03:00:00Z,20.6662,133.608,2003,10,95,949,WP,KETSANA
2003290N15132,2003-10-24T06:00:00Z,21,133.7,2003,10,90,954,WP,KETSANA
2003290N15132,2003-10-24T09:00:00Z,21.3912,133.845,2003,10,87,956,WP,KETSANA
2003290N15132,2003-10-24T12:00:00Z,21.85,134.075,2003,10,85,958,WP,KETSANA
2003290N15132,2003-10-24T15:00:00Z,22.315,134.399,2003,10,85,958,WP,KETSANA
2003290N15132,2003-10-24T18:00:00Z,22.9,134.8,2003,10,85,958,WP,KETSANA
2003290N15132,2003-10-24T21:00:00Z,23.7022,135.203,2003,10,85,958,WP,KETSANA
2003290N15132,2003-10-25T00:00:00Z,24.55,135.7,2003,10,85,958,WP,KETSANA
2003290N15132,2003-10-25T03:00:00Z,25.213,136.291,2003,10,82,960,WP,KETSANA
2003290N15132,2003-10-25T06:00:00Z,25.9,137.05,2003,10,80,963,WP,KETSANA
2003290N15132,2003-10-25T09:00:00Z,26.7466,137.972,2003,10,77,965,WP,KETSANA
2003290N15132,2003-10-25T12:00:00Z,27.7,139.1,2003,10,75,967,WP,KETSANA
2003290N15132,2003-10-25T15:00:00Z,28.688,140.433,2003,10,72,969,WP,KETSANA
2003290N15132,2003-10-25T18:00:00Z,29.75,141.85,2003,10,70,972,WP,KETSANA
2003290N15132,2003-10-25T21:00:00Z,30.8806,143.144,2003,10,70,972,WP,KETSANA
2003290N15132,2003-10-26T00:00:00Z,32.0467,144.467,2003,10,70,972,WP,KETSANA
2003290N15132,2003-10-26T03:00:00Z,33.216,145.96,2003,10,70,972,WP,KETSANA
2003290N15132,2003-10-26T06:00:00Z,34.325,147.525,2003,10,70,972,WP,KETSANA
2003290N15132,2003-10-26T09:00:00Z,35.1849,148.816,2003,10,67,974,WP,KETSANA
2003291N17147,2003-10-22T12:00:00Z,23.55,147.225,2003,10,65,976,WP,PARMA
2003291N17147,2003-10-22T15:00:00Z,23.8368,147.546,2003,10,65,976,WP,PARMA
2003291N17147,2003-10-22T18:00:00Z,24.15,147.95,2003,10,65,976,WP,PARMA
2003291N17147,2003-10-22T21:00:00Z,24.4638,148.395,2003,10,70,971,WP,PARMA
2003291N17147,2003-10-23T00:00:00Z,24.875,148.85,2003,10,75,967,WP,PARMA
2003291N17147,2003-10-23T03:00:00Z,25.4808,149.23,2003,10,82,960,WP,PARMA
2003291N17147,2003-10-23T06:00:00Z,26.125,149.65,2003,10,90,954,WP,PARMA
2004156N16117,2004-06-08T15:00:00Z,20.2211,120.277,2004,6,87,956,WP,CONSON
2004156N16117,2004-06-08T18:00:00Z,20.5,120.55,2004,6,90,954,WP,CONSON
2004156N16117,2004-06-08T21:00:00Z,20.7618,120.929,2004,6,90,954,WP,CONSON
2004156N16117,2004-06-09T00:00:00Z,21.125,121.4,2004,6,90,954,WP,CONSON
2004156N16117,2004-06-09T03:00:00Z,21.69,121.918,2004,6,90,954,WP,CONSON
2004156N16117,2004-06-09T06:00:00Z,22.35,122.5,2004,6,90,954,WP,CONSON
2004156N16117,2004-06-09T09:00:00Z,22.9749,123.122,2004,6,95,949,WP,CONSON
2004156N16117,2004-06-10T03:00:00Z,26.4633,126.813,2004,6,92,951,WP,CONSON
2004156N16117,2004-06-10T06:00:00Z,27.1,127.45,2004,6,85,958,WP,CONSON
2004156N16117,2004-06-10T09:00:00Z,27.7712,128.244,2004,6,82,960,WP,CONSON
2004156N16117,2004-06-10T12:00:00Z,28.45,129.025,2004,6,80,963,WP,CONSON
2004156N16117,2004-06-10T15:00:00Z,29.0748,129.858,2004,6,72,969,WP,CONSON
2004156N16117,2004-06-10T18:00:00Z,29.7,130.65,2004,6,65,976,WP,CONSON
2004164N06139,2004-06-19T21:00:00Z,26.2443,129.508,2004,6,95,949,WP,DIANMU
2004164N06139,2004-06-20T00:00:00Z,26.9,129.75,2004,6,90,954,WP,DIANMU
2004164N06139,2004-06-20T03:00:00Z,27.5462,130.09,2004,6,85,958,WP,DIANMU
2004164N06139,2004-06-20T06:00:00Z,28.175,130.45,2004,6,80,963,WP,DIANMU
2004164N06139,2004-06-20T09:00:00Z,28.8137,130.853,2004,6,75,967,WP,DIANMU
2004164N06139,2004-06-20T12:00:00Z,29.5,131.3,2004,6,70,972,WP,DIANMU
2004164N06139,2004-06-20T15:00:00Z,30.1869,131.68,2004,6,67,974,WP,DIANMU
2004164N06139,2004-06-20T18:00:00Z,31,132.2,2004,6,65,976,WP,DIANMU
2004174N14146,2004-06-30T15:00:00Z,20.1519,121.947,2004,6,85,958,WP,MINDULLE
2004174N14146,2004-06-30T18:00:00Z,20.725,121.925,2004,6,80,963,WP,MINDULLE
2004174N14146,2004-06-30T21:00:00Z,21.1887,121.877,2004,6,77,965,WP,MINDULLE
2004174N14146,2004-07-01T00:00:00Z,21.6,121.8,2004,7,75,967,WP,MINDULLE
2004174N14146,2004-07-01T03:00:00Z,21.9569,121.678,2004,7,70,971,WP,MINDULLE
2004174N14146,2004-07-01T06:00:00Z,22.325,121.575,2004,7,65,976,WP,MINDULLE
2004174N14146,2004-07-01T09:00:00Z,22.7981,121.578,2004,7,65,976,WP,MINDULLE
2004174N14146,2004-07-01T12:00:00Z,23.275,121.575,2004,7,65,976,WP,MINDULLE
2004177N12154,2004-06-29T09:00:00Z,20.4737,143.032,2004,6,77,965,WP,TINGTING
2004177N12154,2004-06-29T12:00:00Z,21.05,142.9,2004,6,75,967,WP,TINGTING
2004177N12154,2004-06-29T15:00:00Z,21.6813,142.701,2004,6,75,967,WP,TINGTING
2004177N12154,2004-06-29T18:00:00Z,22.35,142.525,2004,6,75,967,WP,TINGTING
2004177N12154,2004-06-29T21:00:00Z,23.0325,142.438,2004,6,72,969,WP,TINGTING
2004177N12154,2004-06-30T00:00:00Z,23.7,142.4,2004,6,70,972,WP,TINGTING
2004177N12154,2004-06-30T03:00:00Z,24.2787,142.36,2004,6,67,974,WP,TINGTING
2004177N12154,2004-06-30T06:00:00Z,24.9,142.35,2004,6,65,976,WP,TINGTING
2004177N12154,2004-06-30T09:00:00Z,25.6931,142.372,2004,6,65,976,WP,TINGTING
2004177N12154,2004-06-30T12:00:00Z,26.425,142.45,2004,6,65,976,WP,TINGTING
2004177N12154,2004-06-30T15:00:00Z,27.023,142.536,2004,6,65,976,WP,TINGTING
2004177N12154,2004-06-30T18:00:00Z,27.525,142.7,2004,6,65,976,WP,TINGTING
2004206N20151,2004-07-26T00:00:00Z,24.775,148.4,2004,7,65,976,WP,NAMTHEUN
2004206N20151,2004-07-26T03:00:00Z,25.0743,148.147,2004,7,77,965,WP,NAMTHEUN
2004206N20151,2004-07-26T06:00:00Z,25.4,147.85,2004,7,90,954,WP,NAMTHEUN
2004206N20151,2004-07-26T09:00:00Z,25.6844,147.502,2004,7,97,946,WP,NAMTHEUN
2004206N20151,2004-07-27T15:00:00Z,30.096800000000002,144.135,2004,7,97,946,WP,NAMTHEUN
2004206N20151,2004-07-27T18:00:00Z,30.45,143.65,2004,7,90,954,WP,NAMTHEUN
2004206N20151,2004-07-27T21:00:00Z,30.6548,143.157,2004,7,90,954,WP,NAMTHEUN
2004206N20151,2004-07-28T00:00:00Z,30.8,142.65,2004,7,90,954,WP,NAMTHEUN
2004206N20151,2004-07-28T03:00:00Z,31.0146,142.126,2004,7,90,954,WP,NAMTHEUN
2004206N20151,2004-07-28T06:00:00Z,31.2,141.625,2004,7,90,954,WP,NAMTHEUN
2004206N20151,2004-07-28T09:00:00Z,31.3043,141.17,2004,7,85,958,WP,NAMTHEUN
2004206N20151,2004-07-28T12:00:00Z,31.35,140.8,2004,7,80,963,WP,NAMTHEUN
2004206N20151,2004-07-28T15:00:00Z,31.3948,140.546,2004,7,80,963,WP,NAMTHEUN
2004206N20151,2004-07-28T18:00:00Z,31.45,140.3,2004,7,80,963,WP,NAMTHEUN
2004206N20151,2004-07-28T21:00:00Z,31.4931,140.039,2004,7,80,963,WP,NAMTHEUN
2004206N20151,2004-07-29T00:00:00Z,31.525,139.775,2004,7,80,963,WP,NAMTHEUN
2004206N20151,2004-07-29T03:00:00Z,31.5306,139.523,2004,7,77,965,WP,NAMTHEUN
2004206N20151,2004-07-29T06:00:00Z,31.5,139.25,2004,7,75,967,WP,NAMTHEUN
2004206N20151,2004-07-29T09:00:00Z,31.4481,139.019,2004,7,70,971,WP,NAMTHEUN
2004206N20151,2004-07-29T12:00:00Z,31.425,138.8,2004,7,65,976,WP,NAMTHEUN
2004206N20151,2004-07-29T15:00:00Z,31.4262,138.614,2004,7,65,976,WP,NAMTHEUN
2004206N20151,2004-07-29T18:00:00Z,31.45,138.4,2004,7,65,976,WP,NAMTHEUN
2004206N20151,2004-07-29T21:00:00Z,31.4867,138.19,2004,7,65,976,WP,NAMTHEUN
2004206N20151,2004-07-30T00:00:00Z,31.55,137.925,2004,7,65,976,WP,NAMTHEUN
2004219N15137,2004-08-10T12:00:00Z,22.425,127.525,2004,8,65,976,WP,RANANIM
2004219N15137,2004-08-10T15:00:00Z,22.607,127.178,2004,8,70,971,WP,RANANIM
2004219N15137,2004-08-10T18:00:00Z,22.8,126.825,2004,8,75,967,WP,RANANIM
2004219N15137,2004-08-10T21:00:00Z,23.0011,126.541,2004,8,77,965,WP,RANANIM
2004219N15137,2004-08-11T00:00:00Z,23.25,126.25,2004,8,80,963,WP,RANANIM
2004219N15137,2004-08-11T03:00:00Z,23.4995,125.905,2004,8,82,960,WP,RANANIM
2004219N15137,2004-08-11T06:00:00Z,23.8,125.525,2004,8,85,958,WP,RANANIM
2004219N15137,2004-08-11T09:00:00Z,24.1098,125.31,2004,8,87,956,WP,RANANIM
2004219N15137,2004-08-11T12:00:00Z,24.45,125.1,2004,8,90,954,WP,RANANIM
2004219N15137,2004-08-11T15:00:00Z,24.8632,124.731,2004,8,90,954,WP,RANANIM
2004219N15137,2004-08-11T18:00:00Z,25.3,124.35,2004,8,90,954,WP,RANANIM
2004219N15137,2004-08-11T21:00:00Z,25.8065,124.101,2004,8,90,954,WP,RANANIM
2004219N15137,2004-08-12T00:00:00Z,26.4,123.75,2004,8,90,954,WP,RANANIM
2004219N15137,2004-08-12T03:00:00Z,26.9054,123.219,2004,8,90,954,WP,RANANIM
2004219N15137,2004-08-12T06:00:00Z,27.35,122.6,2004,8,90,954,WP,RANANIM
2004219N15137,2004-08-12T09:00:00Z,27.8079,121.985,2004,8,87,956,WP,RANANIM
2004219N15137,2004-08-12T12:00:00Z,28.15,121.35,2004,8,85,958,WP,RANANIM
2004219N15137,2004-08-12T15:00:00Z,28.2748,120.706,2004,8,77,965,WP,RANANIM
2004219N15137,2004-08-12T18:00:00Z,28.32,120.073,2004,8,70,972,WP,RANANIM
2004227N15141,2004-08-18T00:00:00Z,28.525,125.225,2004,8,65,976,WP,MEGI
2004227N15141,2004-08-18T03:00:00Z,29.2759,125.238,2004,8,65,976,WP,MEGI
2004227N15141,2004-08-18T06:00:00Z,30.05,125.4,2004,8,65,976,WP,MEGI
2004227N15141,2004-08-18T09:00:00Z,30.5935,125.68,2004,8,65,976,WP,MEGI
2004227N15141,2004-08-18T12:00:00Z,31.225,126.25,2004,8,65,976,WP,MEGI
2004227N15141,2004-08-18T15:00:00Z,32.0374,126.949,2004,8,65,976,WP,MEGI
2004227N15141,2004-08-18T18:00:00Z,33.075,127.75,2004,8,65,976,WP,MEGI
2004230N09172,2004-08-29T12:00:00Z,29.35,130,2004,8,95,949,WP,CHABA
2004230N09172,2004-08-29T15:00:00Z,29.7606,129.841,2004,8,95,949,WP,CHABA
2004230N09172,2004-08-29T18:00:00Z,30.25,129.8,2004,8,95,949,WP,CHABA
2004230N09172,2004-08-29T21:00:00Z,30.8274,129.933,2004,8,92,951,WP,CHABA
2004230N09172,2004-08-30T00:00:00Z,31.525,130.2,2004,8,90,954,WP,CHABA
2004230N09172,2004-08-30T03:00:00Z,32.4824,130.55,2004,8,87,956,WP,CHABA
2004230N09172,2004-08-30T06:00:00Z,33.475,131.125,2004,8,85,958,WP,CHABA
2004230N09172,2004-08-30T08:00:00Z,33.9712,131.626,2004,8,81,961,WP,CHABA
2004230N09172,2004-08-30T09:00:00Z,34.2112,131.938,2004,8,80,962,WP,CHABA
2004230N09172,2004-08-30T12:00:00Z,35.1,133.15,2004,8,75,967,WP,CHABA
2004230N09172,2004-08-30T15:00:00Z,36.1351,134.577,2004,8,72,969,WP,CHABA
2004230N09172,2004-08-30T18:00:00Z,37.3,136,2004,8,70,972,WP,CHABA
2004231N09147,2004-08-22T00:00:00Z,20.2,129.775,2004,8,65,976,WP,AERE
2004231N09147,2004-08-22T03:00:00Z,20.5749,129.3,2004,8,65,976,WP,AERE
2004231N09147,2004-08-22T06:00:00Z,20.95,128.825,2004,8,65,976,WP,AERE
2004231N09147,2004-08-22T09:00:00Z,21.2556,128.34,2004,8,65,976,WP,AERE
2004231N09147,2004-08-22T12:00:00Z,21.55,127.875,2004,8,65,976,WP,AERE
2004231N09147,2004-08-23T06:00:00Z,23.35,125.475,2004,8,65,976,WP,AERE
2004231N09147,2004-08-23T09:00:00Z,23.5493,125.176,2004,8,67,974,WP,AERE
2004231N09147,2004-08-23T12:00:00Z,23.75,124.975,2004,8,70,972,WP,AERE
2004231N09147,2004-08-23T15:00:00Z,24.1375,124.7,2004,8,72,969,WP,AERE
2004231N09147,2004-08-23T18:00:00Z,24.5,124.4,2004,8,75,967,WP,AERE
2004231N09147,2004-08-23T21:00:00Z,24.7312,124.157,2004,8,77,965,WP,AERE
2004231N09147,2004-08-24T00:00:00Z,24.85,123.925,2004,8,80,963,WP,AERE
2004231N09147,2004-08-24T03:00:00Z,25.0506,123.739,2004,8,80,963,WP,AERE
2004231N09147,2004-08-24T06:00:00Z,25.25,123.5,2004,8,80,963,WP,AERE
2004231N09147,2004-08-24T09:00:00Z,25.3668,123.272,2004,8,82,960,WP,AERE
2004231N09147,2004-08-24T12:00:00Z,25.475,122.95,2004,8,85,958,WP,AERE
2004231N09147,2004-08-24T15:00:00Z,25.5132,122.574,2004,8,87,956,WP,AERE
2004231N09147,2004-08-24T18:00:00Z,25.5,122.125,2004,8,90,954,WP,AERE
2004231N09147,2004-08-24T21:00:00Z,25.4891,121.759,2004,8,90,954,WP,AERE
2004231N09147,2004-08-25T00:00:00Z,25.475,121.4,2004,8,90,954,WP,AERE
2004231N09147,2004-08-25T03:00:00Z,25.5335,120.963,2004,8,87,956,WP,AERE
2004231N09147,2004-08-25T06:00:00Z,25.525,120.425,2004,8,85,958,WP,AERE
2004239N11171,2004-09-06T03:00:00Z,28.8519,126.974,2004,9,97,946,WP,SONGDA
2004239N11171,2004-09-06T06:00:00Z,29.275,126.925,2004,9,95,949,WP,SONGDA
2004239N11171,2004-09-06T09:00:00Z,29.5724,127.037,2004,9,92,951,WP,SONGDA
2004239N11171,2004-09-06T12:00:00Z,29.95,127.275,2004,9,90,954,WP,SONGDA
2004239N11171,2004-09-06T15:00:00Z,30.4277,127.527,2004,9,90,954,WP,SONGDA
2004239N11171,2004-09-06T18:00:00Z,31.1,127.975,2004,9,90,954,WP,SONGDA
2004239N11171,2004-09-06T21:00:00Z,31.7645,128.592,2004,9,90,954,WP,SONGDA
2004239N11171,2004-09-07T00:00:00Z,32.65,129.475,2004,9,90,954,WP,SONGDA
2004239N11171,2004-09-07T03:00:00Z,33.8277,130.636,2004,9,87,956,WP,SONGDA
2004239N11171,2004-09-07T06:00:00Z,35.3,132.15,2004,9,85,958,WP,SONGDA
2004239N11171,2004-09-07T09:00:00Z,36.9289,133.927,2004,9,77,965,WP,SONGDA
2004239N11171,2004-09-07T12:00:00Z,38.7267,135.92,2004,9,70,972,WP,SONGDA
2004263N13153,2004-09-27T09:00:00Z,26.5619,125.269,2004,9,97,946,WP,MEARI
2004263N13153,2004-09-27T12:00:00Z,26.825,125.525,2004,9,90,954,WP,MEARI
2004263N13153,2004-09-27T15:00:00Z,27.0262,125.768,2004,9,85,958,WP,MEARI
2004263N13153,2004-09-27T18:00:00Z,27.3,126,2004,9,80,963,WP,MEARI
2004263N13153,2004-09-27T21:00:00Z,27.6257,126.313,2004,9,80,963,WP,MEARI
2004263N13153,2004-09-28T00:00:00Z,28,126.625,2004,9,80,963,WP,MEARI
2004263N13153,2004-09-28T03:00:00Z,28.4254,126.841,2004,9,77,965,WP,MEARI
2004263N13153,2004-09-28T06:00:00Z,28.925,127.1,2004,9,75,967,WP,MEARI
2004263N13153,2004-09-28T09:00:00Z,29.4661,127.438,2004,9,75,967,WP,MEARI
2004263N13153,2004-09-28T12:00:00Z,30,127.875,2004,9,75,967,WP,MEARI
2004263N13153,2004-09-28T15:00:00Z,30.4398,128.388,2004,9,70,971,WP,MEARI
2004263N13153,2004-09-28T18:00:00Z,30.875,129.025,2004,9,65,976,WP,MEARI
2004263N13153,2004-09-28T21:00:00Z,31.2696,129.684,2004,9,65,976,WP,MEARI
2004263N13153,2004-09-28T23:00:00Z,31.5566,130.199,2004,9,65,976,WP,MEARI
2004263N13153,2004-09-29T00:00:00Z,31.725,130.5,2004,9,65,976,WP,MEARI
2004275N14139,2004-10-06T06:00:00Z,20.675,132.7,2004,10,65,976,WP,MA-ON
2004275N14139,2004-10-06T09:00:00Z,20.8061,132.421,2004,10,70,971,WP,MA-ON
2004275N14139,2004-10-06T12:00:00Z,20.975,132.175,2004,10,75,967,WP,MA-ON
2004275N14139,2004-10-06T15:00:00Z,21.178,131.911,2004,10,75,967,WP,MA-ON
2004275N14139,2004-10-06T18:00:00Z,21.4,131.625,2004,10,75,967,WP,MA-ON
2004275N14139,2004-10-06T21:00:00Z,21.6164,131.271,2004,10,77,965,WP,MA-ON
2004275N14139,2004-10-07T00:00:00Z,21.825,130.95,2004,10,80,963,WP,MA-ON
2004275N14139,2004-10-07T03:00:00Z,22.0068,130.735,2004,10,85,958,WP,MA-ON
2004275N14139,2004-10-07T06:00:00Z,22.2,130.625,2004,10,90,954,WP,MA-ON
2004275N14139,2004-10-09T08:00:00Z,35.1961,139.301,2004,10,98,944,WP,MA-ON
2004275N14139,2004-10-09T09:00:00Z,35.6229,139.825,2004,10,95,948,WP,MA-ON
2004275N14139,2004-10-09T12:00:00Z,36.7929,141.529,2004,10,85,958,WP,MA-ON
2004275N14139,2004-10-09T15:00:00Z,37.6552,143.253,2004,10,70,971,WP,MA-ON
2004284N07157,2004-10-18T06:00:00Z,22.2,127.4,2004,10,95,949,WP,TOKAGE
2004284N07157,2004-10-18T09:00:00Z,22.6062,127.078,2004,10,95,949,WP,TOKAGE
2004284N07157,2004-10-18T12:00:00Z,23,126.9,2004,10,95,949,WP,TOKAGE
2004284N07157,2004-10-18T15:00:00Z,23.3531,126.882,2004,10,92,951,WP,TOKAGE
2004284N07157,2004-10-18T18:00:00Z,23.75,126.975,2004,10,90,954,WP,TOKAGE
2004284N07157,2004-10-18T21:00:00Z,24.2112,127.05,2004,10,85,958,WP,TOKAGE
2004284N07157,2004-10-19T00:00:00Z,24.725,127.2,2004,10,80,963,WP,TOKAGE
2004284N07157,2004-10-19T03:00:00Z,25.3131,127.511,2004,10,80,963,WP,TOKAGE
2004284N07157,2004-10-19T06:00:00Z,25.975,127.925,2004,10,80,963,WP,TOKAGE
2004284N07157,2004-10-19T09:00:00Z,26.654,128.331,2004,10,75,967,WP,TOKAGE
2004284N07157,2004-10-19T12:00:00Z,27.375,128.875,2004,10,70,972,WP,TOKAGE
2004284N07157,2004-10-19T15:00:00Z,28.1338,129.585,2004,10,70,972,WP,TOKAGE
2004284N07157,2004-10-19T18:00:00Z,29,130.4,2004,10,70,972,WP,TOKAGE
2004284N07157,2004-10-19T21:00:00Z,30.0162,131.249,2004,10,67,974,WP,TOKAGE
2004284N07157,2004-10-20T00:00:00Z,31.1,132.1,2004,10,65,976,WP,TOKAGE
2004288N09164,2004-10-25T03:00:00Z,24.8463,121.931,2004,10,95,949,WP,NOCK-TEN
2004288N09164,2004-10-25T06:00:00Z,25.375,121.775,2004,10,90,954,WP,NOCK-TEN
2004288N09164,2004-10-25T09:00:00Z,25.7891,121.892,2004,10,82,960,WP,NOCK-TEN
2004288N09164,2004-10-25T12:00:00Z,26.25,122.3,2004,10,75,967,WP,NOCK-TEN
2004288N09164,2004-10-25T15:00:00Z,26.9277,122.829,2004,10,70,971,WP,NOCK-TEN
2004288N09164,2004-10-25T18:00:00Z,27.5267,123.593,2004,10,65,976,WP,NOCK-TEN
2005148N06156,2005-06-07T09:00:00Z,23.6357,133.961,2005,6,95,949,WP,NESAT
2005148N06156,2005-06-07T12:00:00Z,23.825,133.825,2005,6,90,954,WP,NESAT
2005148N06156,2005-06-07T15:00:00Z,24.0975,133.741,2005,6,90,954,WP,NESAT
2005148N06156,2005-06-07T18:00:00Z,24.4,133.725,2005,6,90,954,WP,NESAT
2005148N06156,2005-06-07T21:00:00Z,24.6856,133.775,2005,6,87,956,WP,NESAT
2005148N06156,2005-06-08T00:00:00Z,24.975,133.9,2005,6,85,958,WP,NESAT
2005148N06156,2005-06-08T03:00:00Z,25.2767,134.046,2005,6,82,960,WP,NESAT
2005148N06156,2005-06-08T06:00:00Z,25.575,134.3,2005,6,80,963,WP,NESAT
2005148N06156,2005-06-08T09:00:00Z,25.8447,134.729,2005,6,75,967,WP,NESAT
2005148N06156,2005-06-08T12:00:00Z,26.125,135.2,2005,6,70,972,WP,NESAT
2005148N06156,2005-06-08T15:00:00Z,26.4473,135.555,2005,6,70,972,WP,NESAT
2005148N06156,2005-06-08T18:00:00Z,26.8,135.875,2005,6,70,972,WP,NESAT
2005148N06156,2005-06-08T21:00:00Z,27.1618,136.22,2005,6,67,974,WP,NESAT
2005148N06156,2005-06-09T00:00:00Z,27.55,136.55,2005,6,65,976,WP,NESAT
2005192N22155,2005-07-13T12:00:00Z,21.75,147.075,2005,7,65,976,WP,HAITANG
2005192N22155,2005-07-13T15:00:00Z,21.5195,146.516,2005,7,67,974,WP,HAITANG
2005192N22155,2005-07-13T18:00:00Z,21.275,145.925,2005,7,70,972,WP,HAITANG
2005192N22155,2005-07-13T21:00:00Z,20.9282,145.267,2005,7,72,969,WP,HAITANG
2005192N22155,2005-07-14T00:00:00Z,20.575,144.5,2005,7,75,967,WP,HAITANG
2005192N22155,2005-07-14T03:00:00Z,20.2904,143.57,2005,7,75,967,WP,HAITANG
2005192N22155,2005-07-14T06:00:00Z,20.05,142.625,2005,7,75,967,WP,HAITANG
2005192N22155,2005-07-18T06:00:00Z,23.975,121.675,2005,7,95,949,WP,HAITANG
2005192N22155,2005-07-18T09:00:00Z,24.2163,121.468,2005,7,92,951,WP,HAITANG
2005192N22155,2005-07-18T12:00:00Z,24.475,121.175,2005,7,90,954,WP,HAITANG
2005192N22155,2005-07-18T15:00:00Z,24.6113,120.872,2005,7,85,958,WP,HAITANG
2005192N22155,2005-07-18T18:00:00Z,24.7,120.6,2005,7,80,963,WP,HAITANG
2005192N22155,2005-07-18T21:00:00Z,24.795,120.439,2005,7,77,965,WP,HAITANG
2005192N22155,2005-07-19T00:00:00Z,24.975,120.325,2005,7,75,967,WP,HAITANG
2005192N22155,2005-07-19T03:00:00Z,25.3287,120.19,2005,7,67,973,WP,HAITANG
2005211N09141,2005-08-02T21:00:00Z,20.3537,126.852,2005,8,75,967,WP,MATSA
2005211N09141,2005-08-03T00:00:00Z,20.65,126.525,2005,8,75,967,WP,MATSA
2005211N09141,2005-08-03T03:00:00Z,20.8893,126.248,2005,8,77,965,WP,MATSA
2005211N09141,2005-08-03T06:00:00Z,21.125,126.025,2005,8,80,963,WP,MATSA
2005211N09141,2005-08-03T09:00:00Z,21.4299,125.847,2005,8,77,965,WP,MATSA
2005211N09141,2005-08-03T12:00:00Z,21.775,125.7,2005,8,75,967,WP,MATSA
2005211N09141,2005-08-03T15:00:00Z,22.0837,125.549,2005,8,77,965,WP,MATSA
2005211N09141,2005-08-03T18:00:00Z,22.4,125.375,2005,8,80,963,WP,MATSA
2005211N09141,2005-08-03T21:00:00Z,22.7532,125.134,2005,8,80,963,WP,MATSA
2005211N09141,2005-08-04T00:00:00Z,23.1,124.9,2005,8,80,963,WP,MATSA
2005211N09141,2005-08-04T03:00:00Z,23.5018,124.759,2005,8,80,963,WP,MATSA
2005211N09141,2005-08-04T06:00:00Z,23.9,124.625,2005,8,80,963,WP,MATSA
2005211N09141,2005-08-04T09:00:00Z,24.2075,124.458,2005,8,85,958,WP,MATSA
2005211N09141,2005-08-04T10:00:00Z,24.3387,124.376,2005,8,86,956,WP,MATSA
2005211N09141,2005-08-04T12:00:00Z,24.575,124.225,2005,8,90,954,WP,MATSA
2005211N09141,2005-08-04T15:00:00Z,24.9095,123.914,2005,8,90,954,WP,MATSA
2005211N09141,2005-08-04T18:00:00Z,25.225,123.65,2005,8,90,954,WP,MATSA
2005211N09141,2005-08-04T21:00:00Z,25.4705,123.493,2005,8,87,956,WP,MATSA
2005211N09141,2005-08-05T00:00:00Z,25.7,123.4,2005,8,85,958,WP,MATSA
2005211N09141,2005-08-05T03:00:00Z,26.1992,123.31,2005,8,82,960,WP,MATSA
2005211N09141,2005-08-05T06:00:00Z,26.7,123.125,2005,8,80,963,WP,MATSA
2005211N09141,2005-08-05T09:00:00Z,27.0948,122.72,2005,8,77,965,WP,MATSA
2005211N09141,2005-08-05T12:00:00Z,27.425,122.25,2005,8,75,967,WP,MATSA
2005211N09141,2005-08-05T15:00:00Z,27.7292,121.892,2005,8,70,971,WP,MATSA
2005211N09141,2005-08-05T18:00:00Z,28,121.575,2005,8,65,976,WP,MATSA
2005229N21156,2005-08-23T12:00:00Z,33.5,148.2,2005,8,65,976,WP,GUCHOL
2005229N21156,2005-08-23T15:00:00Z,34.055,148.788,2005,8,65,976,WP,GUCHOL
2005229N21156,2005-08-23T18:00:00Z,34.6,149.475,2005,8,65,976,WP,GUCHOL
2005230N20144,2005-08-20T21:00:00Z,21.7964,141.002,2005,8,70,971,WP,MAWAR
2005230N20144,2005-08-21T00:00:00Z,22,140.75,2005,8,80,963,WP,MAWAR
2005230N20144,2005-08-21T03:00:00Z,22.1968,140.603,2005,8,90,953,WP,MAWAR
2005230N20144,2005-08-24T15:00:00Z,31.1212,137.021,2005,8,97,946,WP,MAWAR
2005230N20144,2005-08-24T18:00:00Z,31.525,136.975,2005,8,95,949,WP,MAWAR
2005230N20144,2005-08-24T21:00:00Z,32.0643,137,2005,8,95,949,WP,MAWAR
2005230N20144,2005-08-25T00:00:00Z,32.575,137.075,2005,8,95,949,WP,MAWAR
2005230N20144,2005-08-25T03:00:00Z,32.9913,137.334,2005,8,92,951,WP,MAWAR
2005230N20144,2005-08-25T06:00:00Z,33.4,137.725,2005,8,90,954,WP,MAWAR
2005230N20144,2005-08-25T09:00:00Z,33.8854,138.06,2005,8,90,954,WP,MAWAR
2005230N20144,2005-08-25T12:00:00Z,34.35,138.575,2005,8,90,954,WP,MAWAR
2005230N20144,2005-08-25T15:00:00Z,34.8112,139.138,2005,8,87,956,WP,MAWAR
2005230N20144,2005-08-25T17:00:00Z,35.0979,139.518,2005,8,85,957,WP,MAWAR
2005230N20144,2005-08-25T18:00:00Z,35.25,139.75,2005,8,85,958,WP,MAWAR
2005230N20144,2005-08-25T19:00:00Z,35.4018,139.945,2005,8,83,959,WP,MAWAR
2005230N20144,2005-08-25T21:00:00Z,35.6731,140.319,2005,8,80,962,WP,MAWAR
2005230N20144,2005-08-26T00:00:00Z,36.025,141,2005,8,75,967,WP,MAWAR
2005230N20144,2005-08-26T03:00:00Z,36.3398,141.763,2005,8,67,973,WP,MAWAR
2005237N14148,2005-08-28T15:00:00Z,20.2454,136.273,2005,8,72,969,WP,TALIM
2005237N14148,2005-08-28T18:00:00Z,20.525,135.65,2005,8,75,967,WP,TALIM
2005237N14148,2005-08-28T21:00:00Z,20.7213,134.945,2005,8,80,962,WP,TALIM
2005237N14148,2005-08-29T00:00:00Z,20.85,134.225,2005,8,85,958,WP,TALIM
2005237N14148,2005-08-29T03:00:00Z,20.951,133.569,2005,8,90,953,WP,TALIM
2005237N14148,2005-08-29T06:00:00Z,21,132.95,2005,8,95,949,WP,TALIM
2005237N14148,2005-08-31T18:00:00Z,23.85,121.475,2005,8,95,949,WP,TALIM
2005237N14148,2005-08-31T21:00:00Z,23.9497,120.951,2005,8,82,960,WP,TALIM
2005237N14148,2005-09-01T00:00:00Z,24.325,120.45,2005,9,70,972,WP,TALIM
2005241N15155,2005-09-06T00:00:00Z,31.4,130.075,2005,9,95,949,WP,NABI
2005241N15155,2005-09-06T03:00:00Z,32.1762,130.099,2005,9,87,956,WP,NABI
2005241N15155,2005-09-06T04:00:00Z,32.4896,130.137,2005,9,84,958,WP,NABI
2005241N15155,2005-09-06T05:00:00Z,32.7495,130.137,2005,9,82,960,WP,NABI
2005241N15155,2005-09-06T06:00:00Z,33.025,130.2,2005,9,80,963,WP,NABI
2005241N15155,2005-09-06T09:00:00Z,33.6336,130.405,2005,9,77,965,WP,NABI
2005241N15155,2005-09-06T12:00:00Z,34.3,130.825,2005,9,75,967,WP,NABI
2005241N15155,2005-09-06T15:00:00Z,35.1007,131.26,2005,9,65,975,WP,NABI
2005248N08142,2005-09-09T06:00:00Z,20.4,129.65,2005,9,80,963,WP,KHANUN
2005248N08142,2005-09-09T09:00:00Z,20.9283,129.094,2005,9,85,958,WP,KHANUN
2005248N08142,2005-09-09T12:00:00Z,21.4,128.5,2005,9,90,954,WP,KHANUN
2005248N08142,2005-09-09T15:00:00Z,21.8216,127.992,2005,9,90,954,WP,KHANUN
2005248N08142,2005-09-09T18:00:00Z,22.25,127.475,2005,9,90,954,WP,KHANUN
2005248N08142,2005-09-09T21:00:00Z,22.7425,126.875,2005,9,92,951,WP,KHANUN
2005248N08142,2005-09-10T00:00:00Z,23.2,126.275,2005,9,95,949,WP,KHANUN
2005248N08142,2005-09-11T09:00:00Z,28.8138,121.372,2005,9,92,950,WP,KHANUN
2005248N08142,2005-09-11T12:00:00Z,29.3533,120.913,2005,9,80,963,WP,KHANUN
2005248N08142,2005-09-11T15:00:00Z,29.905,120.574,2005,9,72,969,WP,KHANUN
2005248N08142,2005-09-11T18:00:00Z,30.4846,120.269,2005,9,65,976,WP,KHANUN
2005262N20155,2005-09-22T00:00:00Z,24.625,145.975,2005,9,65,976,WP,SAOLA
2005262N20155,2005-09-22T03:00:00Z,24.9194,145.155,2005,9,67,974,WP,SAOLA
2005262N20155,2005-09-22T06:00:00Z,25.2,144.325,2005,9,70,972,WP,SAOLA
2005262N20155,2005-09-22T09:00:00Z,25.3903,143.567,2005,9,75,967,WP,SAOLA
2005262N20155,2005-09-22T12:00:00Z,25.65,142.8,2005,9,80,963,WP,SAOLA
2005262N20155,2005-09-22T15:00:00Z,26.01,142.04,2005,9,85,958,WP,SAOLA
2005262N20155,2005-09-22T18:00:00Z,26.4,141.3,2005,9,90,954,WP,SAOLA
2005262N20155,2005-09-22T21:00:00Z,26.7609,140.697,2005,9,92,951,WP,SAOLA
2005262N20155,2005-09-23T00:00:00Z,27.15,140.175,2005,9,95,949,WP,SAOLA
2005262N20155,2005-09-23T03:00:00Z,27.4288,139.591,2005,9,95,949,WP,SAOLA
2005262N20155,2005-09-23T06:00:00Z,27.65,139.175,2005,9,95,949,WP,SAOLA
2005262N20155,2005-09-23T09:00:00Z,27.9923,138.891,2005,9,97,946,WP,SAOLA
2005262N20155,2005-09-24T15:00:00Z,31.8246,138.746,2005,9,95,949,WP,SAOLA
2005262N20155,2005-09-24T18:00:00Z,32.2,139.25,2005,9,90,954,WP,SAOLA
2005262N20155,2005-09-24T21:00:00Z,32.6749,139.943,2005,9,90,954,WP,SAOLA
2005262N20155,2005-09-25T00:00:00Z,33.2,140.85,2005,9,90,954,WP,SAOLA
2005262N20155,2005-09-25T03:00:00Z,33.9536,141.806,2005,9,82,960,WP,SAOLA
2005262N20155,2005-09-25T06:00:00Z,34.65,142.825,2005,9,75,967,WP,SAOLA
2005262N20155,2005-09-25T09:00:00Z,35.2231,143.831,2005,9,70,971,WP,SAOLA
2005262N20155,2005-09-25T12:00:00Z,35.625,144.725,2005,9,65,976,WP,SAOLA
2005268N19146,2005-09-26T21:00:00Z,21.1973,141.367,2005,9,65,976,WP,LONGWANG
2005268N19146,2005-09-27T00:00:00Z,21.45,141.025,2005,9,70,972,WP,LONGWANG
2005268N19146,2005-09-27T03:00:00Z,21.5957,140.581,2005,9,77,965,WP,LONGWANG
2005268N19146,2005-09-27T06:00:00Z,21.7,140.1,2005,9,85,958,WP,LONGWANG
2005268N19146,2005-09-27T09:00:00Z,21.846800000000002,139.643,2005,9,87,956,WP,LONGWANG
2005268N19146,2005-09-27T12:00:00Z,21.975,139.2,2005,9,90,954,WP,LONGWANG
2005268N19146,2005-09-27T15:00:00Z,22.043,138.785,2005,9,95,949,WP,LONGWANG
2005268N19146,2005-10-02T00:00:00Z,23.975,120.8,2005,10,95,949,WP,LONGWANG
2005268N19146,2005-10-02T03:00:00Z,24.057,120.233,2005,10,92,951,WP,LONGWANG
2005282N22138,2005-10-11T06:00:00Z,21,133.025,2005,10,65,976,WP,KIROGI
2005282N22138,2005-10-11T09:00:00Z,20.8531,132.988,2005,10,72,969,WP,KIROGI
2005282N22138,2005-10-11T12:00:00Z,20.725,132.925,2005,10,80,963,WP,KIROGI
2005282N22138,2005-10-11T15:00:00Z,20.5938,132.793,2005,10,90,953,WP,KIROGI
2005282N22138,2005-10-11T21:00:00Z,20.4594,132.557,2005,10,95,949,WP,KIROGI
2005282N22138,2005-10-12T00:00:00Z,20.475,132.475,2005,10,90,954,WP,KIROGI
2005282N22138,2005-10-12T03:00:00Z,20.5312,132.375,2005,10,90,954,WP,KIROGI
2005282N22138,2005-10-12T06:00:00Z,20.625,132.275,2005,10,90,954,WP,KIROGI
2005282N22138,2005-10-12T21:00:00Z,21.2413,131.794,2005,10,97,946,WP,KIROGI
2005282N22138,2005-10-13T00:00:00Z,21.375,131.725,2005,10,90,954,WP,KIROGI
2005282N22138,2005-10-13T03:00:00Z,21.475,131.737,2005,10,90,954,WP,KIROGI
2005282N22138,2005-10-13T06:00:00Z,21.575,131.775,2005,10,90,954,WP,KIROGI
2005282N22138,2005-10-13T09:00:00Z,21.6994,131.777,2005,10,90,954,WP,KIROGI
2005282N22138,2005-10-13T12:00:00Z,21.85,131.775,2005,10,90,954,WP,KIROGI
2005282N22138,2005-10-13T15:00:00Z,22.0337,131.819,2005,10,90,954,WP,KIROGI
2005282N22138,2005-10-13T18:00:00Z,22.225,131.8,2005,10,90,954,WP,KIROGI
2005282N22138,2005-10-13T21:00:00Z,22.3933,131.597,2005,10,90,954,WP,KIROGI
2005282N22138,2005-10-14T00:00:00Z,22.55,131.375,2005,10,90,954,WP,KIROGI
2005282N22138,2005-10-14T03:00:00Z,22.7168,131.304,2005,10,90,954,WP,KIROGI
2005282N22138,2005-10-14T06:00:00Z,22.85,131.275,2005,10,90,954,WP,KIROGI
2005282N22138,2005-10-14T09:00:00Z,22.9131,131.194,2005,10,90,954,WP,KIROGI
2005282N22138,2005-10-14T12:00:00Z,22.95,131.125,2005,10,90,954,WP,KIROGI
2005282N22138,2005-10-14T15:00:00Z,23.0031,131.092,2005,10,92,951,WP,KIROGI
2005282N22138,2005-10-14T18:00:00Z,23.075,131.1,2005,10,95,949,WP,KIROGI
2005282N22138,2005-10-14T21:00:00Z,23.1819,131.151,2005,10,97,946,WP,KIROGI
2005282N22138,2005-10-17T12:00:00Z,28.5,135.525,2005,10,95,949,WP,KIROGI
2005282N22138,2005-10-17T15:00:00Z,28.913,135.809,2005,10,92,951,WP,KIROGI
2005282N22138,2005-10-17T18:00:00Z,29.3,136.1,2005,10,90,954,WP,KIROGI
2005282N22138,2005-10-17T21:00:00Z,29.6672,136.376,2005,10,90,954,WP,KIROGI
2005282N22138,2005-10-18T00:00:00Z,30.05,136.725,2005,10,90,954,WP,KIROGI
2005282N22138,2005-10-18T03:00:00Z,30.4942,137.225,2005,10,82,960,WP,KIROGI
2005282N22138,2005-10-18T06:00:00Z,30.95,137.8,2005,10,75,967,WP,KIROGI
2005282N22138,2005-10-18T09:00:00Z,31.3994,138.378,2005,10,75,967,WP,KIROGI
2005282N22138,2005-10-18T12:00:00Z,31.7067,139.047,2005,10,75,967,WP,KIROGI
2005282N22138,2005-10-18T15:00:00Z,31.8577,139.636,2005,10,65,975,WP,KIROGI
2006180N06140,2006-07-07T09:00:00Z,21.7509,127.256,2006,7,95,949,WP,EWINIAR
2006180N06140,2006-07-07T12:00:00Z,22.05,127.075,2006,7,90,954,WP,EWINIAR
2006180N06140,2006-07-07T15:00:00Z,22.2838,126.841,2006,7,87,956,WP,EWINIAR
2006180N06140,2006-07-07T18:00:00Z,22.525,126.625,2006,7,85,958,WP,EWINIAR
2006180N06140,2006-07-07T21:00:00Z,22.8506,126.576,2006,7,85,958,WP,EWINIAR
2006180N06140,2006-07-08T00:00:00Z,23.2,126.5,2006,7,85,958,WP,EWINIAR
2006180N06140,2006-07-08T03:00:00Z,23.6563,126.427,2006,7,85,958,WP,EWINIAR
2006180N06140,2006-07-08T06:00:00Z,24.125,126.3,2006,7,85,958,WP,EWINIAR
2006180N06140,2006-07-08T09:00:00Z,24.6406,126.202,2006,7,80,962,WP,EWINIAR
2006180N06140,2006-07-08T12:00:00Z,25.125,126.1,2006,7,75,967,WP,EWINIAR
2006180N06140,2006-07-08T15:00:00Z,25.6456,125.957,2006,7,75,967,WP,EWINIAR
2006180N06140,2006-07-08T18:00:00Z,26.25,125.875,2006,7,75,967,WP,EWINIAR
2006180N06140,2006-07-08T21:00:00Z,26.8288,125.799,2006,7,75,967,WP,EWINIAR
2006180N06140,2006-07-09T00:00:00Z,27.525,125.775,2006,7,75,967,WP,EWINIAR
2006180N06140,2006-07-09T03:00:00Z,28.3281,125.773,2006,7,70,971,WP,EWINIAR
2006180N06140,2006-07-09T06:00:00Z,29.25,125.775,2006,7,65,976,WP,EWINIAR
2006198N08152,2006-07-23T12:00:00Z,20.15,125.65,2006,7,65,976,WP,KAEMI
2006216N07151,2006-08-07T18:00:00Z,20.3,135.325,2006,8,75,967,WP,SAOMAI
2006216N07151,2006-08-07T21:00:00Z,20.6305,134.637,2006,8,75,967,WP,SAOMAI
2006216N07151,2006-08-08T00:00:00Z,20.95,133.975,2006,8,75,967,WP,SAOMAI
2006216N07151,2006-08-08T03:00:00Z,21.2776,133.393,2006,8,82,960,WP,SAOMAI
2006216N07151,2006-08-08T06:00:00Z,21.625,132.8,2006,8,90,954,WP,SAOMAI
2006216N07151,2006-08-08T09:00:00Z,22.016,132.091,2006,8,90,954,WP,SAOMAI
2006216N07151,2006-08-08T12:00:00Z,22.4,131.375,2006,8,90,954,WP,SAOMAI
2006216N07151,2006-08-08T15:00:00Z,22.7245,130.762,2006,8,90,954,WP,SAOMAI
2006216N07151,2006-08-08T18:00:00Z,23.075,130.1,2006,8,90,954,WP,SAOMAI
2006216N07151,2006-08-08T21:00:00Z,23.4764,129.3,2006,8,97,946,WP,SAOMAI
2006228N10218,2006-09-04T00:00:00Z,28.58,149.98,2006,9,85,958,WP,IOKE
2006228N10218,2006-09-04T03:00:00Z,29.1241,149.457,2006,9,77,965,WP,IOKE
2006228N10218,2006-09-04T06:00:00Z,29.68,148.92,2006,9,70,972,WP,IOKE
2006228N10218,2006-09-04T09:00:00Z,30.221,148.418,2006,9,67,974,WP,IOKE
2006228N10218,2006-09-04T12:00:00Z,30.84,148,2006,9,65,976,WP,IOKE
2006228N10218,2006-09-04T15:00:00Z,31.6168,147.712,2006,9,65,976,WP,IOKE
2006228N10218,2006-09-04T18:00:00Z,32.46,147.5,2006,9,65,976,WP,IOKE
2006252N13139,2006-09-12T12:00:00Z,20.075,130.95,2006,9,90,954,WP,SHANSHAN
2006252N13139,2006-09-12T15:00:00Z,20.0956,130.53,2006,9,90,954,WP,SHANSHAN
2006252N13139,2006-09-12T18:00:00Z,20.075,130.05,2006,9,90,954,WP,SHANSHAN
2006252N13139,2006-09-12T21:00:00Z,20.1089,129.524,2006,9,90,954,WP,SHANSHAN
2006252N13139,2006-09-13T00:00:00Z,20.15,129.025,2006,9,90,954,WP,SHANSHAN
2006252N13139,2006-09-13T03:00:00Z,20.1729,128.638,2006,9,87,956,WP,SHANSHAN
2006252N13139,2006-09-13T06:00:00Z,20.2,128.3,2006,9,85,958,WP,SHANSHAN
2006252N13139,2006-09-13T09:00:00Z,20.2555,127.952,2006,9,85,958,WP,SHANSHAN
2006252N13139,2006-09-13T12:00:00Z,20.3,127.6,2006,9,85,958,WP,SHANSHAN
2006252N13139,2006-09-13T15:00:00Z,20.2949,127.232,2006,9,80,962,WP,SHANSHAN
2006252N13139,2006-09-13T18:00:00Z,20.275,126.85,2006,9,75,967,WP,SHANSHAN
2006252N13139,2006-09-13T21:00:00Z,20.2713,126.437,2006,9,75,967,WP,SHANSHAN
2006252N13139,2006-09-14T00:00:00Z,20.275,126.05,2006,9,75,967,WP,SHANSHAN
2006252N13139,2006-09-14T03:00:00Z,20.2761,125.74,2006,9,80,962,WP,SHANSHAN
2006252N13139,2006-09-14T06:00:00Z,20.3,125.475,2006,9,85,958,WP,SHANSHAN
2006252N13139,2006-09-14T09:00:00Z,20.346800000000002,125.219,2006,9,85,958,WP,SHANSHAN
2006252N13139,2006-09-14T12:00:00Z,20.45,124.975,2006,9,85,958,WP,SHANSHAN
2006252N13139,2006-09-14T15:00:00Z,20.6103,124.702,2006,9,92,951,WP,SHANSHAN
2006252N13139,2006-09-17T03:00:00Z,31.1721,128.501,2006,9,87,955,WP,SHANSHAN
2006252N13139,2006-09-17T06:00:00Z,32.025,129.025,2006,9,75,967,WP,SHANSHAN
2006252N13139,2006-09-17T09:00:00Z,32.9804,129.735,2006,9,70,971,WP,SHANSHAN
2006252N13139,2006-09-17T12:00:00Z,34.02,130.427,2006,9,65,976,WP,SHANSHAN
2006259N19155,2006-09-23T06:00:00Z,30,142.725,2006,9,95,949,WP,YAGI
2006259N19155,2006-09-23T09:00:00Z,30.5551,143.158,2006,9,92,951,WP,YAGI
2006259N19155,2006-09-23T12:00:00Z,31.05,143.7,2006,9,90,954,WP,YAGI
2006259N19155,2006-09-23T15:00:00Z,31.5507,144.333,2006,9,87,956,WP,YAGI
2006259N19155,2006-09-23T18:00:00Z,32.15,145.1,2006,9,85,958,WP,YAGI
2006259N19155,2006-09-23T21:00:00Z,32.9658,145.99,2006,9,80,962,WP,YAGI
2006259N19155,2006-09-24T00:00:00Z,33.85,147,2006,9,75,967,WP,YAGI
2006259N19155,2006-09-24T03:00:00Z,34.6597,148.062,2006,9,75,967,WP,YAGI
2006259N19155,2006-09-24T06:00:00Z,35.4,149.2,2006,9,75,967,WP,YAGI
2006282N13160,2006-10-12T12:00:00Z,23.25,141.1,2006,10,65,976,WP,SOULIK
2006282N13160,2006-10-12T15:00:00Z,23.385,140.94,2006,10,67,974,WP,SOULIK
2006282N13160,2006-10-12T18:00:00Z,23.475,140.825,2006,10,70,972,WP,SOULIK
2006282N13160,2006-10-12T21:00:00Z,23.5862,140.793,2006,10,72,969,WP,SOULIK
2006282N13160,2006-10-13T00:00:00Z,23.675,140.825,2006,10,75,967,WP,SOULIK
2006282N13160,2006-10-13T03:00:00Z,23.7181,140.891,2006,10,82,960,WP,SOULIK
2006282N13160,2006-10-13T06:00:00Z,23.75,140.975,2006,10,90,954,WP,SOULIK
2006282N13160,2006-10-13T09:00:00Z,23.8031,141.049,2006,10,90,954,WP,SOULIK
2006282N13160,2006-10-13T12:00:00Z,23.875,141.1,2006,10,90,954,WP,SOULIK
2006282N13160,2006-10-13T15:00:00Z,23.96,141.109,2006,10,90,954,WP,SOULIK
2006282N13160,2006-10-13T18:00:00Z,24.075,141.1,2006,10,90,954,WP,SOULIK
2006282N13160,2006-10-13T21:00:00Z,24.2206,141.111,2006,10,90,954,WP,SOULIK
2006282N13160,2006-10-14T00:00:00Z,24.4,141.1,2006,10,90,954,WP,SOULIK
2006282N13160,2006-10-14T03:00:00Z,24.5948,141.021,2006,10,90,954,WP,SOULIK
2006282N13160,2006-10-14T06:00:00Z,24.825,140.95,2006,10,90,954,WP,SOULIK
2006282N13160,2006-10-14T09:00:00Z,25.0881,140.953,2006,10,85,958,WP,SOULIK
2006282N13160,2006-10-14T12:00:00Z,25.45,141.025,2006,10,80,963,WP,SOULIK
2006282N13160,2006-10-14T15:00:00Z,25.8612,141.026,2006,10,77,965,WP,SOULIK
2006282N13160,2006-10-14T18:00:00Z,26.3,141.075,2006,10,75,967,WP,SOULIK
2006282N13160,2006-10-14T21:00:00Z,26.8193,141.259,2006,10,75,967,WP,SOULIK
2006282N13160,2006-10-15T00:00:00Z,27.375,141.55,2006,10,75,967,WP,SOULIK
2006282N13160,2006-10-15T03:00:00Z,28.1521,141.864,2006,10,70,971,WP,SOULIK
2006282N13160,2006-10-15T06:00:00Z,29,142.325,2006,10,65,976,WP,SOULIK
2006282N13160,2006-10-15T09:00:00Z,29.7009,143.089,2006,10,65,976,WP,SOULIK
2006282N13160,2006-10-15T12:00:00Z,30.5,143.9,2006,10,65,976,WP,SOULIK
2007188N04148,2007-07-13T12:00:00Z,28.475,127.75,2007,7,95,952,WP,MAN-YI
2007188N04148,2007-07-13T15:00:00Z,28.9266,127.905,2007,7,92,954,WP,MAN-YI
2007188N04148,2007-07-13T18:00:00Z,29.4,128.2,2007,7,90,956,WP,MAN-YI
2007188N04148,2007-07-13T21:00:00Z,29.9202,128.672,2007,7,90,956,WP,MAN-YI
2007188N04148,2007-07-14T00:00:00Z,30.425,129.325,2007,7,90,956,WP,MAN-YI
2007188N04148,2007-07-14T03:00:00Z,31.0398,130.207,2007,7,85,959,WP,MAN-YI
2007188N04148,2007-07-14T04:00:00Z,31.2477,130.523,2007,7,83,960,WP,MAN-YI
2007188N04148,2007-07-14T05:00:00Z,31.4521,130.839,2007,7,81,961,WP,MAN-YI
2007188N04148,2007-07-14T06:00:00Z,31.675,131.175,2007,7,80,963,WP,MAN-YI
2007188N04148,2007-07-14T09:00:00Z,32.2134,131.991,2007,7,72,968,WP,MAN-YI
2007188N04148,2007-07-14T12:00:00Z,32.675,132.825,2007,7,65,974,WP,MAN-YI
2007208N20155,2007-07-30T09:00:00Z,20.2117,141.639,2007,7,75,967,WP,USAGI
2007208N20155,2007-07-30T12:00:00Z,20.525,141.375,2007,7,75,967,WP,USAGI
2007208N20155,2007-07-30T15:00:00Z,20.9288,141.043,2007,7,77,965,WP,USAGI
2007208N20155,2007-07-30T18:00:00Z,21.325,140.7,2007,7,80,963,WP,USAGI
2007208N20155,2007-07-30T21:00:00Z,21.6019,140.381,2007,7,82,961,WP,USAGI
2007208N20155,2007-07-31T00:00:00Z,21.875,140.1,2007,7,85,959,WP,USAGI
2007208N20155,2007-07-31T03:00:00Z,22.2492,139.897,2007,7,87,957,WP,USAGI
2007208N20155,2007-07-31T06:00:00Z,22.65,139.675,2007,7,90,956,WP,USAGI
2007208N20155,2007-07-31T09:00:00Z,23.0104,139.363,2007,7,97,950,WP,USAGI
2007208N20155,2007-08-02T03:00:00Z,31.2852,132.38,2007,8,97,950,WP,USAGI
2007208N20155,2007-08-02T06:00:00Z,31.875,131.925,2007,8,90,956,WP,USAGI
2007208N20155,2007-08-02T08:00:00Z,32.2998,131.713,2007,8,86,958,WP,USAGI
2007208N20155,2007-08-02T09:00:00Z,32.4935,131.626,2007,8,85,959,WP,USAGI
2007208N20155,2007-08-02T12:00:00Z,33.025,131.45,2007,8,80,963,WP,USAGI
2007208N20155,2007-08-02T15:00:00Z,33.498,131.333,2007,8,72,968,WP,USAGI
2007208N20155,2007-08-02T16:00:00Z,33.6886,131.294,2007,8,69,970,WP,USAGI
2007208N20155,2007-08-02T18:00:00Z,34.075,131.325,2007,8,65,974,WP,USAGI
2007208N20155,2007-08-02T21:00:00Z,34.9972,131.586,2007,8,65,974,WP,USAGI
2007208N20155,2007-08-03T00:00:00Z,35.85,132.075,2007,8,65,974,WP,USAGI
2007216N18138,2007-08-07T00:00:00Z,21.925,125,2007,8,65,974,WP,PABUK
2007216N18138,2007-08-07T03:00:00Z,22.1185,124.131,2007,8,65,974,WP,PABUK
2007216N18138,2007-08-07T06:00:00Z,22.225,123.325,2007,8,65,974,WP,PABUK
2007216N18138,2007-08-07T09:00:00Z,22.1374,122.692,2007,8,67,972,WP,PABUK
2007216N18138,2007-08-07T12:00:00Z,22,122.075,2007,8,70,970,WP,PABUK
2007216N18138,2007-08-07T15:00:00Z,21.9996,121.29,2007,8,67,972,WP,PABUK
2007216N18138,2007-08-07T18:00:00Z,22.075,120.425,2007,8,65,974,WP,PABUK
2007223N19136,2007-08-18T03:00:00Z,23.7642,120.436,2007,8,92,953,WP,SEPAT
2007240N17153,2007-09-02T00:00:00Z,27.575,149.8,2007,9,75,967,WP,FITOW
2007240N17153,2007-09-02T03:00:00Z,27.4271,149.36,2007,9,75,967,WP,FITOW
2007240N17153,2007-09-02T06:00:00Z,27.275,148.925,2007,9,75,967,WP,FITOW
2007240N17153,2007-09-02T09:00:00Z,27.1454,148.621,2007,9,77,965,WP,FITOW
2007240N17153,2007-09-02T12:00:00Z,27.05,148.35,2007,9,80,963,WP,FITOW
2007240N17153,2007-09-02T15:00:00Z,26.9975,148.025,2007,9,80,963,WP,FITOW
2007240N17153,2007-09-02T18:00:00Z,26.975,147.7,2007,9,80,963,WP,FITOW
2007240N17153,2007-09-02T21:00:00Z,26.9474,147.412,2007,9,80,963,WP,FITOW
2007240N17153,2007-09-03T00:00:00Z,26.95,147.125,2007,9,80,963,WP,FITOW
2007240N17153,2007-09-03T03:00:00Z,27.0011,146.824,2007,9,80,963,WP,FITOW
2007240N17153,2007-09-03T06:00:00Z,27.075,146.475,2007,9,80,963,WP,FITOW
2007240N17153,2007-09-03T09:00:00Z,27.1271,146.06,2007,9,80,963,WP,FITOW
2007240N17153,2007-09-03T12:00:00Z,27.2,145.575,2007,9,80,963,WP,FITOW
2007240N17153,2007-09-03T15:00:00Z,27.3251,145.029,2007,9,80,963,WP,FITOW
2007240N17153,2007-09-03T18:00:00Z,27.5,144.4,2007,9,80,963,WP,FITOW
2007240N17153,2007-09-03T21:00:00Z,27.5498,143.863,2007,9,77,965,WP,FITOW
2007240N17153,2007-09-04T00:00:00Z,27.6,143.4,2007,9,75,967,WP,FITOW
2007240N17153,2007-09-04T03:00:00Z,27.7229,142.925,2007,9,75,967,WP,FITOW
2007240N17153,2007-09-04T06:00:00Z,27.85,142.475,2007,9,75,967,WP,FITOW
2007240N17153,2007-09-04T09:00:00Z,27.9244,141.969,2007,9,75,967,WP,FITOW
2007240N17153,2007-09-04T12:00:00Z,28.025,141.475,2007,9,75,967,WP,FITOW
2007240N17153,2007-09-04T15:00:00Z,28.2555,141.047,2007,9,75,967,WP,FITOW
2007240N17153,2007-09-04T18:00:00Z,28.525,140.65,2007,9,75,967,WP,FITOW
2007240N17153,2007-09-04T21:00:00Z,28.8731,140.285,2007,9,75,967,WP,FITOW
2007240N17153,2007-09-05T00:00:00Z,29.25,139.925,2007,9,75,967,WP,FITOW
2007240N17153,2007-09-05T03:00:00Z,29.5399,139.569,2007,9,75,967,WP,FITOW
2007240N17153,2007-09-05T06:00:00Z,29.8,139.325,2007,9,75,967,WP,FITOW
2007240N17153,2007-09-05T09:00:00Z,30.0231,139.139,2007,9,77,965,WP,FITOW
2007240N17153,2007-09-05T12:00:00Z,30.25,138.925,2007,9,80,963,WP,FITOW
2007240N17153,2007-09-05T15:00:00Z,30.4981,138.749,2007,9,80,963,WP,FITOW
2007240N17153,2007-09-05T18:00:00Z,30.825,138.575,2007,9,80,963,WP,FITOW
2007240N17153,2007-09-05T21:00:00Z,31.3594,138.436,2007,9,80,963,WP,FITOW
2007240N17153,2007-09-06T00:00:00Z,32,138.4,2007,9,80,963,WP,FITOW
2007240N17153,2007-09-06T03:00:00Z,32.5325,138.442,2007,9,80,963,WP,FITOW
2007240N17153,2007-09-06T06:00:00Z,33.075,138.5,2007,9,80,963,WP,FITOW
2007240N17153,2007-09-06T09:00:00Z,33.5631,138.576,2007,9,77,965,WP,FITOW
2007240N17153,2007-09-06T12:00:00Z,34.1,138.7,2007,9,75,967,WP,FITOW
2007240N17153,2007-09-06T14:00:00Z,34.5183,138.838,2007,9,71,969,WP,FITOW
2007240N17153,2007-09-06T15:00:00Z,34.8057,138.931,2007,9,70,970,WP,FITOW
2007240N17153,2007-09-06T18:00:00Z,35.6,139.225,2007,9,65,974,WP,FITOW
2007254N18140,2007-09-13T18:00:00Z,23.975,130.45,2007,9,65,974,WP,NARI
2007254N18140,2007-09-13T21:00:00Z,24.1925,129.843,2007,9,70,970,WP,NARI
2007254N18140,2007-09-14T00:00:00Z,24.4,129.275,2007,9,75,967,WP,NARI
2007254N18140,2007-09-14T03:00:00Z,24.6849,128.656,2007,9,85,959,WP,NARI
2007254N18140,2007-09-14T06:00:00Z,25,128.1,2007,9,95,952,WP,NARI
2007254N18140,2007-09-15T12:00:00Z,30,126.15,2007,9,95,952,WP,NARI
2007254N18140,2007-09-15T15:00:00Z,30.4237,126.2,2007,9,92,954,WP,NARI
2007254N18140,2007-09-15T18:00:00Z,30.95,126.3,2007,9,90,956,WP,NARI
2007254N18140,2007-09-15T21:00:00Z,31.595,126.497,2007,9,87,957,WP,NARI
2007254N18140,2007-09-16T00:00:00Z,32.325,126.675,2007,9,85,959,WP,NARI
2007254N18140,2007-09-16T03:00:00Z,33.0711,126.814,2007,9,80,963,WP,NARI
2007254N18140,2007-09-16T06:00:00Z,33.825,127.125,2007,9,75,967,WP,NARI
2007254N18140,2007-09-16T09:00:00Z,34.5012,127.396,2007,9,67,972,WP,NARI
2007257N16134,2007-09-16T12:00:00Z,21.25,129.95,2007,9,65,974,WP,WIPHA
2007257N16134,2007-09-16T15:00:00Z,21.6278,129.36,2007,9,65,974,WP,WIPHA
2007257N16134,2007-09-16T18:00:00Z,21.975,128.725,2007,9,65,974,WP,WIPHA
2007257N16134,2007-09-16T21:00:00Z,22.2147,128.215,2007,9,70,970,WP,WIPHA
2007257N16134,2007-09-17T00:00:00Z,22.425,127.725,2007,9,75,967,WP,WIPHA
2007257N16134,2007-09-17T03:00:00Z,22.6748,127.202,2007,9,85,959,WP,WIPHA
2007257N16134,2007-09-17T06:00:00Z,22.9,126.775,2007,9,95,952,WP,WIPHA
2007257N16134,2007-09-18T21:00:00Z,27.4023,120.172,2007,9,90,955,WP,WIPHA
2007274N18131,2007-10-06T18:00:00Z,25.5,121.05,2007,10,90,956,WP,KROSA
2007274N18131,2007-10-06T21:00:00Z,25.7093,120.74,2007,10,82,961,WP,KROSA
2007274N18131,2007-10-07T00:00:00Z,25.875,120.6,2007,10,75,967,WP,KROSA
2007291N19148,2007-10-19T18:00:00Z,21.4,141.1,2007,10,70,970,WP,KAJIKI
2007291N19148,2007-10-19T21:00:00Z,21.6967,140.825,2007,10,80,963,WP,KAJIKI
2007291N19148,2007-10-20T00:00:00Z,22.05,140.675,2007,10,90,956,WP,KAJIKI
2007291N19148,2007-10-20T03:00:00Z,22.6337,140.574,2007,10,97,950,WP,KAJIKI
2007291N19148,2007-10-21T12:00:00Z,32.075,149.25,2007,10,90,956,WP,KAJIKI
2008147N10141,2008-06-01T00:00:00Z,20.65,132.9,2008,6,70,970,WP,NAKRI
2008147N10141,2008-06-01T03:00:00Z,21.0719,132.992,2008,6,70,970,WP,NAKRI
2008147N10141,2008-06-01T06:00:00Z,21.55,133.1,2008,6,70,970,WP,NAKRI
2008147N10141,2008-06-01T09:00:00Z,21.9562,133.191,2008,6,72,968,WP,NAKRI
2008147N10141,2008-06-01T12:00:00Z,22.4,133.3,2008,6,75,967,WP,NAKRI
2008147N10141,2008-06-01T15:00:00Z,22.9205,133.42,2008,6,80,963,WP,NAKRI
2008147N10141,2008-06-01T18:00:00Z,23.55,133.625,2008,6,85,959,WP,NAKRI
2008147N10141,2008-06-01T21:00:00Z,24.2943,133.955,2008,6,87,957,WP,NAKRI
2008147N10141,2008-06-02T00:00:00Z,25.125,134.4,2008,6,90,956,WP,NAKRI
2008147N10141,2008-06-02T03:00:00Z,25.9909,134.894,2008,6,87,957,WP,NAKRI
2008147N10141,2008-06-02T06:00:00Z,26.85,135.5,2008,6,85,959,WP,NAKRI
2008147N10141,2008-06-02T09:00:00Z,27.6143,136.222,2008,6,80,963,WP,NAKRI
2008147N10141,2008-06-02T12:00:00Z,28.375,137.025,2008,6,75,967,WP,NAKRI
2008147N10141,2008-06-02T15:00:00Z,29.2197,137.839,2008,6,67,972,WP,NAKRI
2008193N20126,2008-07-16T21:00:00Z,21.8719,123.091,2008,7,70,970,WP,KALMAEGI
2008193N20126,2008-07-17T00:00:00Z,22.45,122.9,2008,7,80,963,WP,KALMAEGI
2008193N20126,2008-07-17T03:00:00Z,22.8168,122.72,2008,7,85,959,WP,KALMAEGI
2008193N20126,2008-07-17T06:00:00Z,23.2,122.525,2008,7,90,956,WP,KALMAEGI
2008193N20126,2008-07-17T09:00:00Z,23.6551,122.316,2008,7,90,956,WP,KALMAEGI
2008193N20126,2008-07-17T12:00:00Z,24.1,122,2008,7,90,956,WP,KALMAEGI
2008193N20126,2008-07-17T15:00:00Z,24.4169,121.691,2008,7,90,956,WP,KALMAEGI
2008193N20126,2008-07-17T18:00:00Z,24.725,121.475,2008,7,75,967,WP,KALMAEGI
2008193N20126,2008-07-17T21:00:00Z,24.9931,121.305,2008,7,65,974,WP,KALMAEGI
2008206N22133,2008-07-26T12:00:00Z,21.25,126.1,2008,7,65,974,WP,FUNG-WONG
2008206N22133,2008-07-26T15:00:00Z,21.1891,125.806,2008,7,67,972,WP,FUNG-WONG
2008206N22133,2008-07-26T18:00:00Z,21.2,125.55,2008,7,70,970,WP,FUNG-WONG
2008206N22133,2008-07-26T21:00:00Z,21.3696,125.255,2008,7,72,968,WP,FUNG-WONG
2008206N22133,2008-07-27T00:00:00Z,21.625,124.9,2008,7,75,967,WP,FUNG-WONG
2008206N22133,2008-07-27T03:00:00Z,21.8781,124.452,2008,7,80,963,WP,FUNG-WONG
2008206N22133,2008-07-27T06:00:00Z,22.1,124,2008,7,85,959,WP,FUNG-WONG
2008206N22133,2008-07-27T09:00:00Z,22.395,123.553,2008,7,87,957,WP,FUNG-WONG
2008206N22133,2008-07-27T12:00:00Z,22.675,123.1,2008,7,90,956,WP,FUNG-WONG
2008206N22133,2008-07-27T15:00:00Z,22.8391,122.732,2008,7,92,954,WP,FUNG-WONG
2008206N22133,2008-07-27T18:00:00Z,23.025,122.375,2008,7,95,952,WP,FUNG-WONG
2008206N22133,2008-07-27T21:00:00Z,23.2704,121.855,2008,7,90,955,WP,FUNG-WONG
2008206N22133,2008-07-28T00:00:00Z,23.525,121.3,2008,7,85,959,WP,FUNG-WONG
2008206N22133,2008-07-28T02:00:00Z,23.838,121.083,2008,7,85,959,WP,FUNG-WONG
2008206N22133,2008-07-28T03:00:00Z,24.0179,120.989,2008,7,85,959,WP,FUNG-WONG
2008206N22133,2008-07-28T04:00:00Z,24.1572,120.874,2008,7,85,959,WP,FUNG-WONG
2008206N22133,2008-07-28T06:00:00Z,24.3,120.55,2008,7,70,970,WP,FUNG-WONG
2008206N22133,2008-07-28T09:00:00Z,24.6547,120.131,2008,7,65,974,WP,FUNG-WONG
2008252N16128,2008-09-13T15:00:00Z,24.6184,122.135,2008,9,95,952,WP,SINLAKU
2008252N16128,2008-09-13T18:00:00Z,24.7,121.85,2008,9,90,956,WP,SINLAKU
2008252N16128,2008-09-13T20:00:00Z,24.574,121.754,2008,9,90,956,WP,SINLAKU
2008252N16128,2008-09-13T21:00:00Z,24.5218,121.762,2008,9,90,956,WP,SINLAKU
2008252N16128,2008-09-13T22:00:00Z,24.5183,121.79,2008,9,90,956,WP,SINLAKU
2008252N16128,2008-09-14T00:00:00Z,24.65,121.8,2008,9,90,956,WP,SINLAKU
2008252N16128,2008-09-14T03:00:00Z,25.0272,121.654,2008,9,82,961,WP,SINLAKU
2008252N16128,2008-09-14T06:00:00Z,25.3,121.4,2008,9,75,967,WP,SINLAKU
2008252N16128,2008-09-14T09:00:00Z,25.3506,121.232,2008,9,70,970,WP,SINLAKU
2008252N16128,2008-09-14T12:00:00Z,25.425,121.125,2008,9,65,974,WP,SINLAKU
2008252N16128,2008-09-14T15:00:00Z,25.6195,120.987,2008,9,65,974,WP,SINLAKU
2008252N16128,2008-09-14T18:00:00Z,25.85,120.925,2008,9,65,974,WP,SINLAKU
2008252N16128,2008-09-19T00:00:00Z,32.5,134.125,2008,9,65,974,WP,SINLAKU
2008252N16128,2008-09-19T03:00:00Z,32.7925,134.906,2008,9,67,972,WP,SINLAKU
2008252N16128,2008-09-19T06:00:00Z,33.125,135.775,2008,9,70,970,WP,SINLAKU
2008252N16128,2008-09-19T09:00:00Z,33.5185,136.863,2008,9,65,974,WP,SINLAKU
2008268N12140,2008-09-28T12:00:00Z,24.2,121.425,2008,9,85,959,WP,JANGMI
2008268N12140,2008-09-28T15:00:00Z,24.4312,121.406,2008,9,85,959,WP,JANGMI
2008268N12140,2008-09-28T18:00:00Z,24.75,121.325,2008,9,75,967,WP,JANGMI
2008268N12140,2008-09-28T21:00:00Z,25.1618,121.16,2008,9,67,972,WP,JANGMI
2009215N20133,2009-08-05T15:00:00Z,23.0826,130.166,2009,8,67,977,WP,MORAKOT
2009215N20133,2009-08-05T18:00:00Z,23.15,129.4,2009,8,75,967,WP,MORAKOT
2009215N20133,2009-08-05T21:00:00Z,23.1813,128.735,2009,8,77,965,WP,MORAKOT
2009215N20133,2009-08-06T00:00:00Z,23.2,128.1,2009,8,80,963,WP,MORAKOT
2009215N20133,2009-08-06T03:00:00Z,23.2086,127.438,2009,8,80,963,WP,MORAKOT
2009215N20133,2009-08-06T06:00:00Z,23.2,126.75,2009,8,80,963,WP,MORAKOT
2009215N20133,2009-08-06T09:00:00Z,23.2874,126.073,2009,8,80,963,WP,MORAKOT
2009215N20133,2009-08-06T12:00:00Z,23.4,125.35,2009,8,80,963,WP,MORAKOT
2009215N20133,2009-08-06T15:00:00Z,23.3875,124.602,2009,8,80,960,WP,MORAKOT
2009215N20133,2009-08-06T18:00:00Z,23.375,123.975,2009,8,80,957,WP,MORAKOT
2009215N20133,2009-08-06T21:00:00Z,23.4353,123.552,2009,8,80,955,WP,MORAKOT
2009215N20133,2009-08-07T00:00:00Z,23.525,123.125,2009,8,80,954,WP,MORAKOT
2009215N20133,2009-08-07T03:00:00Z,23.5019,122.727,2009,8,80,958,WP,MORAKOT
2009215N20133,2009-08-07T06:00:00Z,23.5,122.375,2009,8,80,963,WP,MORAKOT
2009215N20133,2009-08-07T09:00:00Z,23.5293,122.147,2009,8,80,961,WP,MORAKOT
2009215N20133,2009-08-07T12:00:00Z,23.625,121.95,2009,8,80,960,WP,MORAKOT
2009215N20133,2009-08-07T15:00:00Z,23.7701,121.681,2009,8,67,972,WP,MORAKOT
2009238N20151,2009-08-31T00:00:00Z,33.525,139.925,2009,8,65,974,WP,KROVANH
2009255N13155,2009-09-18T15:00:00Z,25.7764,139.287,2009,9,97,950,WP,CHOI-WAN
2009255N13155,2009-09-18T18:00:00Z,26.4,139.55,2009,9,95,952,WP,CHOI-WAN
2009255N13155,2009-09-18T21:00:00Z,27.0011,139.836,2009,9,92,954,WP,CHOI-WAN
2009255N13155,2009-09-19T00:00:00Z,27.65,140.35,2009,9,90,956,WP,CHOI-WAN
2009255N13155,2009-09-19T03:00:00Z,28.3471,140.884,2009,9,85,959,WP,CHOI-WAN
2009255N13155,2009-09-19T06:00:00Z,29.075,141.525,2009,9,80,963,WP,CHOI-WAN
2009255N13155,2009-09-19T09:00:00Z,29.7807,142.351,2009,9,77,965,WP,CHOI-WAN
2009255N13155,2009-09-19T12:00:00Z,30.55,143.275,2009,9,75,967,WP,CHOI-WAN
2009255N13155,2009-09-19T15:00:00Z,31.5697,144.192,2009,9,75,967,WP,CHOI-WAN
2009255N13155,2009-09-19T18:00:00Z,32.6,145.1,2009,9,75,967,WP,CHOI-WAN
2009255N13155,2009-09-19T21:00:00Z,33.3961,145.912,2009,9,70,970,WP,CHOI-WAN
2009255N13155,2009-09-20T00:00:00Z,34.0571,146.8,2009,9,65,974,WP,CHOI-WAN
2009272N07164,2009-10-06T18:00:00Z,26.55,130.775,2009,10,95,952,WP,MELOR
2009272N07164,2009-10-06T21:00:00Z,27.3674,131.024,2009,10,95,952,WP,MELOR
2009272N07164,2009-10-07T00:00:00Z,28.225,131.45,2009,10,95,952,WP,MELOR
2009272N07164,2009-10-07T03:00:00Z,29.0079,131.837,2009,10,87,957,WP,MELOR
2009272N07164,2009-10-07T06:00:00Z,29.825,132.475,2009,10,80,963,WP,MELOR
2009272N07164,2009-10-07T09:00:00Z,30.6537,133.356,2009,10,77,965,WP,MELOR
2009272N07164,2009-10-07T12:00:00Z,31.55,134.45,2009,10,75,967,WP,MELOR
2009272N07164,2009-10-07T15:00:00Z,32.7483,135.55,2009,10,70,970,WP,MELOR
2009272N07164,2009-10-07T18:00:00Z,33.95,136.575,2009,10,65,974,WP,MELOR
2009287N10154,2009-10-20T03:00:00Z,20.3331,130.134,2009,10,95,952,WP,LUPIT
2009287N10154,2009-10-20T06:00:00Z,20.475,129.7,2009,10,90,956,WP,LUPIT
2009287N10154,2009-10-20T09:00:00Z,20.5404,129.307,2009,10,90,956,WP,LUPIT
2009287N10154,2009-10-20T12:00:00Z,20.55,128.9,2009,10,90,956,WP,LUPIT
2009287N10154,2009-10-20T15:00:00Z,20.5532,128.413,2009,10,87,957,WP,LUPIT
2009287N10154,2009-10-20T18:00:00Z,20.5,127.925,2009,10,85,959,WP,LUPIT
2009287N10154,2009-10-20T21:00:00Z,20.3761,127.508,2009,10,85,959,WP,LUPIT
2009287N10154,2009-10-21T00:00:00Z,20.2,127.125,2009,10,85,959,WP,LUPIT
2009287N10154,2009-10-21T03:00:00Z,20.0074,126.739,2009,10,80,963,WP,LUPIT
2010240N15142,2010-08-30T03:00:00Z,23.0592,132.092,2010,8,65,974,WP,KOMPASU
2010240N15142,2010-08-30T06:00:00Z,23.325,131.8,2010,8,70,970,WP,KOMPASU
2010240N15142,2010-08-30T09:00:00Z,23.5366,131.524,2010,8,75,966,WP,KOMPASU
2010240N15142,2010-08-30T12:00:00Z,23.775,131.2,2010,8,80,963,WP,KOMPASU
2010240N15142,2010-08-30T15:00:00Z,24.1247,130.747,2010,8,85,959,WP,KOMPASU
2010240N15142,2010-08-30T18:00:00Z,24.5,130.25,2010,8,90,956,WP,KOMPASU
2010240N15142,2010-08-30T21:00:00Z,24.8061,129.799,2010,8,92,954,WP,KOMPASU
2010240N15142,2010-08-31T00:00:00Z,25.15,129.4,2010,8,95,952,WP,KOMPASU
2010240N15142,2010-08-31T03:00:00Z,25.6343,128.934,2010,8,95,952,WP,KOMPASU
2010240N15142,2010-08-31T06:00:00Z,26.2,128.45,2010,8,95,952,WP,KOMPASU
2010240N15142,2010-08-31T08:00:00Z,26.5768,128.13,2010,8,96,950,WP,KOMPASU
2010240N15142,2010-08-31T09:00:00Z,26.7454,127.954,2010,8,97,950,WP,KOMPASU
2010240N15142,2010-09-01T09:00:00Z,33.2742,124.63,2010,9,97,950,WP,KOMPASU
2010240N15142,2010-09-01T12:00:00Z,34.275,124.75,2010,9,95,952,WP,KOMPASU
2010240N15142,2010-09-01T15:00:00Z,35.3571,124.923,2010,9,87,957,WP,KOMPASU
2010240N15142,2010-09-01T18:00:00Z,36.4,125.35,2010,9,80,963,WP,KOMPASU
2010240N15142,2010-09-01T21:00:00Z,37.3225,126.103,2010,9,72,968,WP,KOMPASU
2010240N15142,2010-09-02T00:00:00Z,38.1,127.15,2010,9,65,974,WP,KOMPASU
2010256N17137,2010-09-16T12:00:00Z,21.825,128.425,2010,9,65,974,WP,FANAPI
2010256N17137,2010-09-16T15:00:00Z,21.9912,128.431,2010,9,67,972,WP,FANAPI
2010256N17137,2010-09-16T18:00:00Z,22.15,128.4,2010,9,70,970,WP,FANAPI
2010256N17137,2010-09-16T21:00:00Z,22.2731,128.381,2010,9,72,968,WP,FANAPI
2010256N17137,2010-09-17T00:00:00Z,22.4,128.325,2010,9,75,967,WP,FANAPI
2010256N17137,2010-09-17T03:00:00Z,22.5675,128.208,2010,9,77,965,WP,FANAPI
2010256N17137,2010-09-17T06:00:00Z,22.75,128.05,2010,9,80,963,WP,FANAPI
2010256N17137,2010-09-17T09:00:00Z,22.9361,127.92,2010,9,82,961,WP,FANAPI
2010256N17137,2010-09-17T12:00:00Z,23.1,127.7,2010,9,85,959,WP,FANAPI
2010256N17137,2010-09-17T15:00:00Z,23.22,127.289,2010,9,87,957,WP,FANAPI
2010256N17137,2010-09-17T18:00:00Z,23.3,126.825,2010,9,90,956,WP,FANAPI
2010256N17137,2010-09-17T21:00:00Z,23.3442,126.46,2010,9,95,952,WP,FANAPI
2010256N17137,2010-09-19T03:00:00Z,23.3179,121.103,2010,9,90,956,WP,FANAPI
2010256N17137,2010-09-19T06:00:00Z,23.1,120.675,2010,9,75,967,WP,FANAPI
2010256N17137,2010-09-19T09:00:00Z,23.1612,120.221,2010,9,72,968,WP,FANAPI
2010263N15149,2010-09-23T00:00:00Z,20.025,141.175,2010,9,65,974,WP,MALAKAS
2010263N15149,2010-09-23T03:00:00Z,20.3069,141.112,2010,9,65,974,WP,MALAKAS
2010263N15149,2010-09-23T06:00:00Z,20.675,141.075,2010,9,65,974,WP,MALAKAS
2010263N15149,2010-09-23T09:00:00Z,21.0619,141.011,2010,9,65,974,WP,MALAKAS
2010263N15149,2010-09-23T12:00:00Z,21.55,140.95,2010,9,65,974,WP,MALAKAS
2010263N15149,2010-09-23T15:00:00Z,22.1731,140.909,2010,9,70,970,WP,MALAKAS
2010263N15149,2010-09-23T18:00:00Z,22.875,140.875,2010,9,75,967,WP,MALAKAS
2010263N15149,2010-09-23T21:00:00Z,23.5237,140.807,2010,9,82,961,WP,MALAKAS
2010263N15149,2010-09-24T00:00:00Z,24.275,140.8,2010,9,90,956,WP,MALAKAS
2010263N15149,2010-09-24T03:00:00Z,25.2014,140.943,2010,9,90,956,WP,MALAKAS
2010263N15149,2010-09-24T06:00:00Z,26.25,141.25,2010,9,90,956,WP,MALAKAS
2010263N15149,2010-09-24T09:00:00Z,27.3179,141.446,2010,9,90,956,WP,MALAKAS
2010263N15149,2010-09-24T12:00:00Z,28.5,141.7,2010,9,90,956,WP,MALAKAS
2010263N15149,2010-09-24T15:00:00Z,29.681,142.108,2010,9,85,952,WP,MALAKAS
2010263N15149,2010-09-24T18:00:00Z,30.975,142.725,2010,9,80,948,WP,MALAKAS
2010263N15149,2010-09-24T21:00:00Z,32.574,143.526,2010,9,77,950,WP,MALAKAS
2010263N15149,2010-09-25T00:00:00Z,34.2571,144.407,2010,9,75,952,WP,MALAKAS
2010263N15149,2010-09-25T03:00:00Z,35.756100000000004,145.158,2010,9,70,963,WP,MALAKAS
2010263N15149,2010-09-25T06:00:00Z,37.09,145.92,2010,9,65,974,WP,MALAKAS
2010293N16147,2010-10-26T09:00:00Z,20.0256,128.389,2010,10,75,966,WP,CHABA
2010293N16147,2010-10-26T12:00:00Z,20.175,128.2,2010,10,80,963,WP,CHABA
2010293N16147,2010-10-26T15:00:00Z,20.325,128.022,2010,10,85,959,WP,CHABA
2010293N16147,2010-10-26T18:00:00Z,20.475,127.9,2010,10,90,956,WP,CHABA
2010293N16147,2010-10-26T21:00:00Z,20.5944,127.867,2010,10,92,954,WP,CHABA
2010293N16147,2010-10-27T00:00:00Z,20.8,127.875,2010,10,95,952,WP,CHABA
2010293N16147,2010-10-27T03:00:00Z,21.2075,127.85,2010,10,97,950,WP,CHABA
2010293N16147,2010-10-29T03:00:00Z,27.6656,132.122,2010,10,95,952,WP,CHABA
2010293N16147,2010-10-29T06:00:00Z,28.225,132.8,2010,10,90,956,WP,CHABA
2010293N16147,2010-10-29T09:00:00Z,28.6684,133.418,2010,10,90,956,WP,CHABA
2010293N16147,2010-10-29T12:00:00Z,29.175,134.1,2010,10,90,956,WP,CHABA
2010293N16147,2010-10-29T15:00:00Z,29.8542,134.844,2010,10,85,959,WP,CHABA
2010293N16147,2010-10-29T18:00:00Z,30.6,135.65,2010,10,80,963,WP,CHABA
2010293N16147,2010-10-29T21:00:00Z,31.2649,136.442,2010,10,77,965,WP,CHABA
2010293N16147,2010-10-30T00:00:00Z,31.925,137.275,2010,10,75,967,WP,CHABA
2010293N16147,2010-10-30T03:00:00Z,32.7328,138.213,2010,10,67,972,WP,CHABA
2011192N18158,2011-07-14T00:00:00Z,20,147.475,2011,7,90,956,WP,MA-ON
2011192N18158,2011-07-14T03:00:00Z,20.0501,146.82,2011,7,90,956,WP,MA-ON
2011192N18158,2011-07-14T06:00:00Z,20.1,146.15,2011,7,90,956,WP,MA-ON
2011192N18158,2011-07-14T09:00:00Z,20.1496,145.559,2011,7,92,954,WP,MA-ON
2011192N18158,2011-07-14T12:00:00Z,20.2,144.975,2011,7,95,952,WP,MA-ON
2011192N18158,2011-07-14T15:00:00Z,20.2499,144.339,2011,7,97,950,WP,MA-ON
2011192N18158,2011-07-17T15:00:00Z,25.5399,133.591,2011,7,95,952,WP,MA-ON
2011192N18158,2011-07-17T18:00:00Z,25.95,133.45,2011,7,90,956,WP,MA-ON
2011192N18158,2011-07-17T21:00:00Z,26.4537,133.358,2011,7,90,956,WP,MA-ON
2011192N18158,2011-07-18T00:00:00Z,27.05,133.325,2011,7,90,956,WP,MA-ON
2011192N18158,2011-07-18T03:00:00Z,27.7281,133.27,2011,7,87,957,WP,MA-ON
2011192N18158,2011-07-18T06:00:00Z,28.425,133.2,2011,7,85,959,WP,MA-ON
2011192N18158,2011-07-18T09:00:00Z,29.0881,133.077,2011,7,80,963,WP,MA-ON
2011192N18158,2011-07-18T12:00:00Z,29.7,132.925,2011,7,75,967,WP,MA-ON
2011192N18158,2011-07-18T15:00:00Z,30.265,132.833,2011,7,75,967,WP,MA-ON
2011192N18158,2011-07-18T18:00:00Z,30.825,132.8,2011,7,75,967,WP,MA-ON
2011192N18158,2011-07-18T21:00:00Z,31.34,132.786,2011,7,72,968,WP,MA-ON
2011192N18158,2011-07-19T00:00:00Z,31.825,132.825,2011,7,70,970,WP,MA-ON
2011192N18158,2011-07-19T03:00:00Z,32.2722,132.919,2011,7,70,970,WP,MA-ON
2011192N18158,2011-07-19T06:00:00Z,32.7,133.15,2011,7,70,970,WP,MA-ON
2011192N18158,2011-07-19T09:00:00Z,33.0074,133.656,2011,7,70,970,WP,MA-ON
2011192N18158,2011-07-19T12:00:00Z,33.3,134.225,2011,7,70,970,WP,MA-ON
2011192N18158,2011-07-19T14:00:00Z,33.4796,134.346,2011,7,68,971,WP,MA-ON
2011192N18158,2011-07-19T15:00:00Z,33.5207,134.39,2011,7,67,972,WP,MA-ON
2011192N18158,2011-07-19T18:00:00Z,33.6,134.6,2011,7,65,974,WP,MA-ON
2011208N09145,2011-08-03T12:00:00Z,24.4,131.375,2011,8,95,952,WP,MUIFA
2011208N09145,2011-08-03T15:00:00Z,24.4606,130.951,2011,8,95,952,WP,MUIFA
2011208N09145,2011-08-03T18:00:00Z,24.5,130.525,2011,8,95,952,WP,MUIFA
2011208N09145,2011-08-03T21:00:00Z,24.577,130.069,2011,8,92,954,WP,MUIFA
2011208N09145,2011-08-04T00:00:00Z,24.65,129.625,2011,8,90,956,WP,MUIFA
2011208N09145,2011-08-04T03:00:00Z,24.673,129.365,2011,8,90,956,WP,MUIFA
2011208N09145,2011-08-04T06:00:00Z,24.7,129.15,2011,8,90,956,WP,MUIFA
2011208N09145,2011-08-04T09:00:00Z,24.7818,128.888,2011,8,90,956,WP,MUIFA
2011208N09145,2011-08-04T12:00:00Z,24.875,128.65,2011,8,90,956,WP,MUIFA
2011208N09145,2011-08-04T15:00:00Z,24.9569,128.407,2011,8,90,956,WP,MUIFA
2011208N09145,2011-08-04T18:00:00Z,25.025,128.15,2011,8,90,956,WP,MUIFA
2011208N09145,2011-08-04T21:00:00Z,25.1331,127.952,2011,8,87,957,WP,MUIFA
2011208N09145,2011-08-05T00:00:00Z,25.3,127.75,2011,8,85,959,WP,MUIFA
2011208N09145,2011-08-05T03:00:00Z,25.5194,127.45,2011,8,85,959,WP,MUIFA
2011208N09145,2011-08-05T06:00:00Z,25.75,127.225,2011,8,85,959,WP,MUIFA
2011208N09145,2011-08-05T09:00:00Z,25.9124,127.025,2011,8,82,961,WP,MUIFA
2011208N09145,2011-08-05T12:00:00Z,26.125,126.85,2011,8,80,963,WP,MUIFA
2011208N09145,2011-08-05T13:00:00Z,26.2205,126.738,2011,8,79,963,WP,MUIFA
2011208N09145,2011-08-05T15:00:00Z,26.345,126.555,2011,8,77,965,WP,MUIFA
2011208N09145,2011-08-05T18:00:00Z,26.575,126.275,2011,8,75,967,WP,MUIFA
2011208N09145,2011-08-05T21:00:00Z,27.0056,126.062,2011,8,70,970,WP,MUIFA
2011208N09145,2011-08-06T00:00:00Z,27.525,125.775,2011,8,65,974,WP,MUIFA
2011208N09145,2011-08-06T03:00:00Z,28.0413,125.494,2011,8,65,974,WP,MUIFA
2011208N09145,2011-08-06T06:00:00Z,28.525,125.25,2011,8,65,974,WP,MUIFA
2011208N09145,2011-08-06T09:00:00Z,28.9606,125.038,2011,8,65,974,WP,MUIFA
2011208N09145,2011-08-06T12:00:00Z,29.375,124.875,2011,8,65,974,WP,MUIFA
2011208N09145,2011-08-06T15:00:00Z,29.8641,124.696,2011,8,65,974,WP,MUIFA
2011208N09145,2011-08-06T18:00:00Z,30.45,124.55,2011,8,65,974,WP,MUIFA
2011233N12129,2011-08-28T00:00:00Z,20.35,121.35,2011,8,85,959,WP,NANMADOL
2011233N12129,2011-08-28T03:00:00Z,20.6863,121.268,2011,8,85,959,WP,NANMADOL
2011233N12129,2011-08-28T06:00:00Z,21,121.175,2011,8,85,959,WP,NANMADOL
2011233N12129,2011-08-28T09:00:00Z,21.2806,121.107,2011,8,80,963,WP,NANMADOL
2011233N12129,2011-08-28T12:00:00Z,21.55,121.05,2011,8,75,967,WP,NANMADOL
2011233N12129,2011-08-28T15:00:00Z,21.8318,121.028,2011,8,72,968,WP,NANMADOL
2011233N12129,2011-08-28T18:00:00Z,22.125,120.95,2011,8,70,970,WP,NANMADOL
2011233N12129,2011-08-28T21:00:00Z,22.4451,120.73,2011,8,67,972,WP,NANMADOL
2011233N12129,2011-08-29T00:00:00Z,22.75,120.45,2011,8,65,974,WP,NANMADOL
2011253N20145,2011-09-17T18:00:00Z,24.825,130.575,2011,9,65,974,WP,ROKE
2011253N20145,2011-09-17T21:00:00Z,25.0035,130.856,2011,9,65,974,WP,ROKE
2011253N20145,2011-09-18T00:00:00Z,25.275,131.05,2011,9,65,974,WP,ROKE
2011253N20145,2011-09-19T00:00:00Z,26.725,130.425,2011,9,65,974,WP,ROKE
2011253N20145,2011-09-19T03:00:00Z,27.1887,130.497,2011,9,67,972,WP,ROKE
2011253N20145,2011-09-19T06:00:00Z,27.675,130.45,2011,9,70,970,WP,ROKE
2011253N20145,2011-09-19T09:00:00Z,28.0025,130.299,2011,9,80,963,WP,ROKE
2011253N20145,2011-09-19T12:00:00Z,28.2,130.2,2011,9,90,956,WP,ROKE
2011253N20145,2011-09-19T15:00:00Z,28.1887,130.387,2011,9,95,952,WP,ROKE
2011253N20145,2011-09-21T03:00:00Z,33.8638,136.837,2011,9,87,957,WP,ROKE
2011253N20145,2011-09-21T05:00:00Z,34.5393,137.499,2011,9,79,963,WP,ROKE
2011253N20145,2011-09-21T06:00:00Z,34.85,137.825,2011,9,75,967,WP,ROKE
2011253N20145,2011-09-21T09:00:00Z,35.9104,139.153,2011,9,67,972,WP,ROKE
2011257N19154,2011-09-17T12:00:00Z,26.4,144.45,2011,9,65,974,WP,SONCA
2011257N19154,2011-09-17T15:00:00Z,26.8764,143.857,2011,9,65,974,WP,SONCA
2011257N19154,2011-09-17T18:00:00Z,27.425,143.4,2011,9,65,974,WP,SONCA
2011257N19154,2011-09-17T21:00:00Z,28.0267,143.001,2011,9,67,972,WP,SONCA
2011257N19154,2011-09-18T00:00:00Z,28.7,142.725,2011,9,70,970,WP,SONCA
2011257N19154,2011-09-18T03:00:00Z,29.433,142.56,2011,9,75,966,WP,SONCA
2011257N19154,2011-09-18T06:00:00Z,30.2,142.5,2011,9,80,963,WP,SONCA
2011257N19154,2011-09-18T09:00:00Z,30.9518,142.464,2011,9,85,959,WP,SONCA
2011257N19154,2011-09-18T12:00:00Z,31.7,142.525,2011,9,90,956,WP,SONCA
2011257N19154,2011-09-18T15:00:00Z,32.4426,142.639,2011,9,90,956,WP,SONCA
2011257N19154,2011-09-18T18:00:00Z,33.175,142.95,2011,9,90,956,WP,SONCA
2011257N19154,2011-09-18T21:00:00Z,33.893,143.52,2011,9,90,956,WP,SONCA
2011257N19154,2011-09-19T00:00:00Z,34.6,144.3,2011,9,90,956,WP,SONCA
2011257N19154,2011-09-19T03:00:00Z,35.3103,145.139,2011,9,87,957,WP,SONCA
2011257N19154,2011-09-19T06:00:00Z,36,146.125,2011,9,85,959,WP,SONCA
2011257N19154,2011-09-19T09:00:00Z,36.6356,147.206,2011,9,85,959,WP,SONCA
2011257N19154,2011-09-19T12:00:00Z,37.275,148.475,2011,9,85,959,WP,SONCA
2011257N19154,2011-09-19T15:00:00Z,37.982,149.923,2011,9,77,964,WP,SONCA
2012152N12130,2012-06-03T12:00:00Z,20.025,125.675,2012,6,90,956,WP,MAWAR
2012152N12130,2012-06-03T15:00:00Z,20.4537,125.741,2012,6,92,954,WP,MAWAR
2012152N12130,2012-06-03T18:00:00Z,20.875,125.825,2012,6,95,952,WP,MAWAR
2012152N12130,2012-06-04T12:00:00Z,23.4,127.6,2012,6,95,952,WP,MAWAR
2012152N12130,2012-06-04T15:00:00Z,23.7923,128.151,2012,6,87,957,WP,MAWAR
2012152N12130,2012-06-04T18:00:00Z,24.45,128.8,2012,6,80,963,WP,MAWAR
2012152N12130,2012-06-04T21:00:00Z,25.2359,129.507,2012,6,77,963,WP,MAWAR
2012152N12130,2012-06-05T00:00:00Z,26.025,130.3,2012,6,75,963,WP,MAWAR
2012152N12130,2012-06-05T03:00:00Z,26.7456,131.202,2012,6,70,968,WP,MAWAR
2012152N12130,2012-06-05T06:00:00Z,27.45,132.225,2012,6,65,974,WP,MAWAR
2012162N06150,2012-06-18T09:00:00Z,24.5772,128.222,2012,6,97,950,WP,GUCHOL
2012162N06150,2012-06-18T12:00:00Z,25.325,128.725,2012,6,95,952,WP,GUCHOL
2012162N06150,2012-06-18T15:00:00Z,26.2457,129.406,2012,6,90,955,WP,GUCHOL
2012162N06150,2012-06-18T18:00:00Z,27.325,130.15,2012,6,85,959,WP,GUCHOL
2012162N06150,2012-06-18T21:00:00Z,28.5235,130.927,2012,6,75,966,WP,GUCHOL
2012162N06150,2012-06-19T00:00:00Z,29.8,131.85,2012,6,65,974,WP,GUCHOL
2012209N11131,2012-07-31T06:00:00Z,21.275,124.25,2012,7,65,974,WP,SAOLA
2012209N11131,2012-07-31T09:00:00Z,21.4857,124.196,2012,7,65,974,WP,SAOLA
2012209N11131,2012-07-31T12:00:00Z,21.725,124.075,2012,7,65,974,WP,SAOLA
2012209N11131,2012-07-31T15:00:00Z,21.9981,123.921,2012,7,70,970,WP,SAOLA
2012209N11131,2012-07-31T18:00:00Z,22.275,123.775,2012,7,75,967,WP,SAOLA
2012209N11131,2012-07-31T21:00:00Z,22.48,123.725,2012,7,80,963,WP,SAOLA
2012209N11131,2012-08-01T00:00:00Z,22.75,123.65,2012,8,85,959,WP,SAOLA
2012209N11131,2012-08-01T03:00:00Z,23.0731,123.542,2012,8,87,957,WP,SAOLA
2012209N11131,2012-08-01T06:00:00Z,23.425,123.4,2012,8,90,956,WP,SAOLA
2012209N11131,2012-08-01T09:00:00Z,23.7242,123.221,2012,8,90,956,WP,SAOLA
2012209N11131,2012-08-01T12:00:00Z,23.95,122.975,2012,8,90,956,WP,SAOLA
2012209N11131,2012-08-01T15:00:00Z,24.095,122.544,2012,8,90,956,WP,SAOLA
2012209N11131,2012-08-01T18:00:00Z,24.075,122.125,2012,8,90,956,WP,SAOLA
2012209N11131,2012-08-01T21:00:00Z,23.9862,121.977,2012,8,85,959,WP,SAOLA
2012209N11131,2012-08-01T22:00:00Z,23.929,121.962,2012,8,80,963,WP,SAOLA
2012209N11131,2012-08-01T23:00:00Z,23.8994,122.006,2012,8,75,967,WP,SAOLA
2012209N11131,2012-08-02T00:00:00Z,23.975,122.075,2012,8,65,974,WP,SAOLA
2012209N25149,2012-08-01T12:00:00Z,30.925,128.8,2012,8,65,974,WP,DAMREY
2012209N25149,2012-08-01T15:00:00Z,31.3156,127.794,2012,8,67,972,WP,DAMREY
2012209N25149,2012-08-01T18:00:00Z,31.775,126.725,2012,8,70,970,WP,DAMREY
2012209N25149,2012-08-01T21:00:00Z,32.2472,125.573,2012,8,75,966,WP,DAMREY
2012209N25149,2012-08-02T00:00:00Z,32.75,124.4,2012,8,80,963,WP,DAMREY
2012209N25149,2012-08-02T03:00:00Z,33.3009,123.247,2012,8,77,965,WP,DAMREY
2012209N25149,2012-08-02T06:00:00Z,33.8,122.175,2012,8,75,967,WP,DAMREY
2012209N25149,2012-08-02T09:00:00Z,34.1569,121.207,2012,8,72,968,WP,DAMREY
2012209N25149,2012-08-02T12:00:00Z,34.425,120.4,2012,8,70,970,WP,DAMREY
2012215N23146,2012-08-06T12:00:00Z,27.275,124.875,2012,8,65,974,WP,HAIKUI
2012215N23146,2012-08-06T15:00:00Z,27.1844,124.672,2012,8,65,974,WP,HAIKUI
2012215N23146,2012-08-06T18:00:00Z,27.15,124.5,2012,8,65,974,WP,HAIKUI
2012215N23146,2012-08-06T21:00:00Z,27.2018,124.286,2012,8,65,974,WP,HAIKUI
2012215N23146,2012-08-07T00:00:00Z,27.325,124.05,2012,8,65,974,WP,HAIKUI
2012215N23146,2012-08-07T03:00:00Z,27.4756,123.797,2012,8,65,974,WP,HAIKUI
2012215N23146,2012-08-07T06:00:00Z,27.675,123.525,2012,8,65,974,WP,HAIKUI
2012215N23146,2012-08-07T09:00:00Z,27.9005,123.25,2012,8,65,974,WP,HAIKUI
2012215N23146,2012-08-07T12:00:00Z,28.175,122.95,2012,8,65,974,WP,HAIKUI
2012215N23146,2012-08-07T15:00:00Z,28.5105,122.622,2012,8,65,974,WP,HAIKUI
2012215N23146,2012-08-07T18:00:00Z,28.85,122.25,2012,8,65,974,WP,HAIKUI
2012230N21126,2012-08-21T18:00:00Z,22.1,124.975,2012,8,95,952,WP,TEMBIN
2012230N21126,2012-08-21T21:00:00Z,22.2294,124.786,2012,8,92,954,WP,TEMBIN
2012230N21126,2012-08-22T00:00:00Z,22.325,124.6,2012,8,90,956,WP,TEMBIN
2012230N21126,2012-08-22T03:00:00Z,22.4006,124.472,2012,8,90,956,WP,TEMBIN
2012230N21126,2012-08-22T06:00:00Z,22.45,124.375,2012,8,90,956,WP,TEMBIN
2012230N21126,2012-08-22T09:00:00Z,22.4825,124.293,2012,8,90,956,WP,TEMBIN
2012230N21126,2012-08-22T12:00:00Z,22.5,124.2,2012,8,90,956,WP,TEMBIN
2012230N21126,2012-08-22T15:00:00Z,22.5144,124.058,2012,8,90,956,WP,TEMBIN
2012230N21126,2012-08-22T18:00:00Z,22.525,123.9,2012,8,90,956,WP,TEMBIN
2012230N21126,2012-08-22T21:00:00Z,22.5318,123.774,2012,8,90,956,WP,TEMBIN
2012230N21126,2012-08-23T00:00:00Z,22.55,123.625,2012,8,90,956,WP,TEMBIN
2012230N21126,2012-08-24T03:00:00Z,22.195,120.222,2012,8,92,953,WP,TEMBIN
2012230N21126,2012-08-27T15:00:00Z,21.5105,120.388,2012,8,65,974,WP,TEMBIN
2012232N13141,2012-08-26T21:00:00Z,27.9323,127.112,2012,8,95,952,WP,BOLAVEN
2012232N13141,2012-08-27T00:00:00Z,28.475,126.85,2012,8,90,956,WP,BOLAVEN
2012232N13141,2012-08-27T03:00:00Z,29.1402,126.375,2012,8,82,961,WP,BOLAVEN
2012232N13141,2012-08-27T06:00:00Z,29.875,125.975,2012,8,75,967,WP,BOLAVEN
2012232N13141,2012-08-27T09:00:00Z,30.5686,125.684,2012,8,72,968,WP,BOLAVEN
2012232N13141,2012-08-27T12:00:00Z,31.3,125.475,2012,8,70,970,WP,BOLAVEN
2012232N13141,2012-08-27T15:00:00Z,32.1255,125.324,2012,8,70,970,WP,BOLAVEN
2012232N13141,2012-08-27T18:00:00Z,33,125.2,2012,8,70,970,WP,BOLAVEN
2012254N09135,2012-09-16T15:00:00Z,31.4212,127.824,2012,9,97,950,WP,SANBA
2012254N09135,2012-09-16T18:00:00Z,32.25,127.875,2012,9,95,952,WP,SANBA
2012254N09135,2012-09-16T21:00:00Z,33.1238,127.919,2012,9,90,955,WP,SANBA
2012254N09135,2012-09-17T00:00:00Z,34.1,128.05,2012,9,85,959,WP,SANBA
2012254N09135,2012-09-17T03:00:00Z,35.0967,128.16,2012,9,65,974,WP,SANBA
2012263N15141,2012-09-29T09:00:00Z,27.4986,129.352,2012,9,95,952,WP,JELAWAT
2012263N15141,2012-09-29T12:00:00Z,28,130.3,2012,9,90,956,WP,JELAWAT
2012263N15141,2012-09-29T15:00:00Z,28.6289,131.303,2012,9,85,959,WP,JELAWAT
2012263N15141,2012-09-29T18:00:00Z,29.4,132.375,2012,9,80,963,WP,JELAWAT
2012263N15141,2012-09-29T21:00:00Z,30.4556,133.333,2012,9,75,966,WP,JELAWAT
2012263N15141,2012-09-30T00:00:00Z,31.65,134.15,2012,9,70,970,WP,JELAWAT
2012263N15141,2012-09-30T03:00:00Z,32.5561,134.881,2012,9,65,974,WP,JELAWAT
2012279N15145,2012-10-12T09:00:00Z,20.0338,129.098,2012,10,97,950,WP,PRAPIROON
2012279N15145,2012-10-12T12:00:00Z,20.15,129.3,2012,10,95,952,WP,PRAPIROON
2012279N15145,2012-10-12T15:00:00Z,20.305,129.463,2012,10,90,955,WP,PRAPIROON
2012279N15145,2012-10-12T18:00:00Z,20.475,129.6,2012,10,85,959,WP,PRAPIROON
2012279N15145,2012-10-12T21:00:00Z,20.6356,129.726,2012,10,82,961,WP,PRAPIROON
2012279N15145,2012-10-13T00:00:00Z,20.8,129.825,2012,10,80,963,WP,PRAPIROON
2012279N15145,2012-10-13T03:00:00Z,20.9769,129.899,2012,10,77,965,WP,PRAPIROON
2012279N15145,2012-10-13T06:00:00Z,21.15,129.95,2012,10,75,967,WP,PRAPIROON
2012279N15145,2012-10-13T09:00:00Z,21.315,129.963,2012,10,75,967,WP,PRAPIROON
2012279N15145,2012-10-13T12:00:00Z,21.45,130.025,2012,10,75,967,WP,PRAPIROON
2012279N15145,2012-10-13T15:00:00Z,21.5195,130.231,2012,10,75,967,WP,PRAPIROON
2012279N15145,2012-10-13T18:00:00Z,21.6,130.475,2012,10,75,967,WP,PRAPIROON
2012279N15145,2012-10-13T21:00:00Z,21.7706,130.664,2012,10,72,968,WP,PRAPIROON
2012279N15145,2012-10-14T00:00:00Z,21.975,130.8,2012,10,70,970,WP,PRAPIROON
2012279N15145,2012-10-14T03:00:00Z,22.1755,130.841,2012,10,70,970,WP,PRAPIROON
2012279N15145,2012-10-14T06:00:00Z,22.35,130.9,2012,10,70,970,WP,PRAPIROON
2012279N15145,2012-10-14T09:00:00Z,22.4576,131.129,2012,10,70,970,WP,PRAPIROON
2012279N15145,2012-10-14T12:00:00Z,22.55,131.35,2012,10,70,970,WP,PRAPIROON
2012279N15145,2012-10-14T15:00:00Z,22.7062,131.422,2012,10,70,970,WP,PRAPIROON
2012279N15145,2012-10-14T18:00:00Z,22.825,131.4,2012,10,70,970,WP,PRAPIROON
2012279N15145,2012-10-14T21:00:00Z,22.8319,131.32,2012,10,72,968,WP,PRAPIROON
2012279N15145,2012-10-15T00:00:00Z,22.775,131.225,2012,10,75,967,WP,PRAPIROON
2012279N15145,2012-10-15T03:00:00Z,22.7131,131.194,2012,10,75,967,WP,PRAPIROON
2012279N15145,2012-10-15T06:00:00Z,22.625,131.175,2012,10,75,967,WP,PRAPIROON
2012279N15145,2012-10-15T09:00:00Z,22.5181,131.159,2012,10,75,967,WP,PRAPIROON
2012279N15145,2012-10-15T12:00:00Z,22.4,131.075,2012,10,75,967,WP,PRAPIROON
2012279N15145,2012-10-15T15:00:00Z,22.2951,130.851,2012,10,72,968,WP,PRAPIROON
2012279N15145,2012-10-15T18:00:00Z,22.175,130.575,2012,10,70,970,WP,PRAPIROON
2012279N15145,2012-10-15T21:00:00Z,22.0049,130.354,2012,10,67,972,WP,PRAPIROON
2012279N15145,2012-10-16T00:00:00Z,21.85,130.125,2012,10,65,974,WP,PRAPIROON
2013187N20156,2013-07-09T09:00:00Z,20.1195,138.781,2013,7,92,953,WP,SOULIK
2013187N20156,2013-07-11T06:00:00Z,22.35,129.725,2013,7,95,952,WP,SOULIK
2013187N20156,2013-07-11T09:00:00Z,22.3767,129.064,2013,7,95,952,WP,SOULIK
2013187N20156,2013-07-11T12:00:00Z,22.4,128.375,2013,7,95,952,WP,SOULIK
2013187N20156,2013-07-11T15:00:00Z,22.48,127.674,2013,7,95,952,WP,SOULIK
2013187N20156,2013-07-11T18:00:00Z,22.575,127,2013,7,95,952,WP,SOULIK
2013187N20156,2013-07-11T21:00:00Z,22.631,126.444,2013,7,92,954,WP,SOULIK
2013187N20156,2013-07-12T00:00:00Z,22.775,125.9,2013,7,90,956,WP,SOULIK
2013187N20156,2013-07-12T03:00:00Z,22.9861,125.386,2013,7,90,956,WP,SOULIK
2013187N20156,2013-07-12T06:00:00Z,23.25,124.875,2013,7,90,956,WP,SOULIK
2013187N20156,2013-07-12T09:00:00Z,23.5828,124.345,2013,7,85,959,WP,SOULIK
2013187N20156,2013-07-12T12:00:00Z,23.925,123.825,2013,7,80,963,WP,SOULIK
2013187N20156,2013-07-12T15:00:00Z,24.3448,123.177,2013,7,80,963,WP,SOULIK
2013187N20156,2013-07-12T18:00:00Z,24.75,122.375,2013,7,80,963,WP,SOULIK
2013187N20156,2013-07-12T19:00:00Z,24.8096,122.035,2013,7,80,963,WP,SOULIK
2013187N20156,2013-07-12T21:00:00Z,24.8148,121.461,2013,7,78,964,WP,SOULIK
2013187N20156,2013-07-13T00:00:00Z,24.875,120.95,2013,7,75,967,WP,SOULIK
2013187N20156,2013-07-13T03:00:00Z,25.3719,120.518,2013,7,72,968,WP,SOULIK
2013187N20156,2013-07-13T06:00:00Z,25.9,120.02,2013,7,70,970,WP,SOULIK
2013228N23124,2013-08-20T21:00:00Z,24.8498,125.314,2013,8,65,974,WP,TRAMI
2013228N23124,2013-08-21T00:00:00Z,25.225,124.4,2013,8,70,970,WP,TRAMI
2013228N23124,2013-08-21T03:00:00Z,25.4207,123.642,2013,8,72,968,WP,TRAMI
2013228N23124,2013-08-21T06:00:00Z,25.575,122.85,2013,8,75,967,WP,TRAMI
2013228N23124,2013-08-21T09:00:00Z,25.7653,121.97,2013,8,75,967,WP,TRAMI
2013228N23124,2013-08-21T12:00:00Z,25.875,121.1,2013,8,75,967,WP,TRAMI
2013228N23124,2013-08-21T15:00:00Z,25.7908,120.324,2013,8,72,968,WP,TRAMI
2013259N17132,2013-09-21T09:00:00Z,20.9262,120.255,2013,9,95,951,WP,USAGI
2013262N14149,2013-09-23T06:00:00Z,24.775,141.175,2013,9,65,974,WP,PABUK
2013262N14149,2013-09-23T09:00:00Z,24.997,140.9,2013,9,65,974,WP,PABUK
2013262N14149,2013-09-23T12:00:00Z,25.125,140.625,2013,9,65,974,WP,PABUK
2013262N14149,2013-09-23T15:00:00Z,25.2692,140.446,2013,9,65,974,WP,PABUK
2013262N14149,2013-09-23T18:00:00Z,25.425,140.275,2013,9,65,974,WP,PABUK
2013262N14149,2013-09-23T21:00:00Z,25.6375,140.036,2013,9,65,974,WP,PABUK
2013262N14149,2013-09-24T00:00:00Z,25.85,139.775,2013,9,65,974,WP,PABUK
2013262N14149,2013-09-24T03:00:00Z,25.9925,139.515,2013,9,67,972,WP,PABUK
2013262N14149,2013-09-24T06:00:00Z,26.15,139.275,2013,9,70,970,WP,PABUK
2013262N14149,2013-09-24T09:00:00Z,26.3731,139.069,2013,9,75,966,WP,PABUK
2013262N14149,2013-09-24T12:00:00Z,26.675,138.9,2013,9,80,963,WP,PABUK
2013262N14149,2013-09-24T15:00:00Z,27.0575,138.743,2013,9,82,961,WP,PABUK
2013262N14149,2013-09-24T18:00:00Z,27.5,138.65,2013,9,85,959,WP,PABUK
2013262N14149,2013-09-24T21:00:00Z,27.9512,138.636,2013,9,87,957,WP,PABUK
2013262N14149,2013-09-25T00:00:00Z,28.425,138.7,2013,9,90,956,WP,PABUK
2013262N14149,2013-09-25T03:00:00Z,28.9159,138.756,2013,9,90,956,WP,PABUK
2013262N14149,2013-09-25T06:00:00Z,29.4,138.975,2013,9,90,956,WP,PABUK
2013262N14149,2013-09-25T09:00:00Z,29.8544,139.46,2013,9,90,956,WP,PABUK
2013262N14149,2013-09-25T12:00:00Z,30.275,140.125,2013,9,90,956,WP,PABUK
2013262N14149,2013-09-25T15:00:00Z,30.6232,140.81,2013,9,90,956,WP,PABUK
2013262N14149,2013-09-25T18:00:00Z,31.025,141.6,2013,9,90,956,WP,PABUK
2013262N14149,2013-09-25T21:00:00Z,31.5777,142.519,2013,9,90,956,WP,PABUK
2013262N14149,2013-09-26T00:00:00Z,32.25,143.475,2013,9,90,956,WP,PABUK
2013262N14149,2013-09-26T03:00:00Z,33.0217,144.324,2013,9,87,957,WP,PABUK
2013262N14149,2013-09-26T06:00:00Z,33.8,145.2,2013,9,85,959,WP,PABUK
2013262N14149,2013-09-26T09:00:00Z,34.3828,146.188,2013,9,82,961,WP,PABUK
2013262N14149,2013-09-26T12:00:00Z,35.0533,147.28,2013,9,80,963,WP,PABUK
2013262N14149,2013-09-26T15:00:00Z,36.0216,148.447,2013,9,72,968,WP,PABUK
2013262N14149,2013-09-26T18:00:00Z,37.175,149.708,2013,9,65,974,WP,PABUK
2013272N10135,2013-10-03T03:00:00Z,20.3375,129.696,2013,10,65,974,WP,FITOW
2013272N10135,2013-10-03T06:00:00Z,20.625,129.675,2013,10,70,970,WP,FITOW
2013272N10135,2013-10-03T09:00:00Z,20.8969,129.689,2013,10,70,970,WP,FITOW
2013272N10135,2013-10-03T12:00:00Z,21.15,129.725,2013,10,70,970,WP,FITOW
2013272N10135,2013-10-03T15:00:00Z,21.375,129.782,2013,10,75,966,WP,FITOW
2013272N10135,2013-10-03T18:00:00Z,21.6,129.825,2013,10,80,963,WP,FITOW
2013272N10135,2013-10-03T21:00:00Z,21.855,129.822,2013,10,80,963,WP,FITOW
2013272N10135,2013-10-04T00:00:00Z,22.125,129.775,2013,10,80,963,WP,FITOW
2013272N10135,2013-10-04T03:00:00Z,22.3962,129.699,2013,10,80,963,WP,FITOW
2013272N10135,2013-10-04T06:00:00Z,22.675,129.575,2013,10,80,963,WP,FITOW
2013272N10135,2013-10-04T09:00:00Z,22.968,129.425,2013,10,82,961,WP,FITOW
2013272N10135,2013-10-04T12:00:00Z,23.25,129.2,2013,10,85,959,WP,FITOW
2013272N10135,2013-10-04T15:00:00Z,23.4761,128.879,2013,10,87,957,WP,FITOW
2013272N10135,2013-10-04T18:00:00Z,23.725,128.5,2013,10,90,956,WP,FITOW
2013272N10135,2013-10-04T21:00:00Z,24.0844,128.113,2013,10,90,956,WP,FITOW
2013272N10135,2013-10-05T00:00:00Z,24.4,127.65,2013,10,90,956,WP,FITOW
2013272N10135,2013-10-05T03:00:00Z,24.556,127.309,2013,10,90,956,WP,FITOW
2013272N10135,2013-10-05T06:00:00Z,24.7,126.875,2013,10,90,956,WP,FITOW
2013272N10135,2013-10-05T09:00:00Z,24.9193,126.444,2013,10,90,956,WP,FITOW
2013272N10135,2013-10-05T12:00:00Z,25.025,125.9,2013,10,90,956,WP,FITOW
2013272N10135,2013-10-05T15:00:00Z,25.2305,125.433,2013,10,87,957,WP,FITOW
2013272N10135,2013-10-05T18:00:00Z,25.375,124.875,2013,10,85,959,WP,FITOW
2013272N10135,2013-10-05T21:00:00Z,25.5357,124.31,2013,10,82,961,WP,FITOW
2013272N10135,2013-10-06T00:00:00Z,25.65,123.725,2013,10,80,963,WP,FITOW
2013272N10135,2013-10-06T03:00:00Z,25.8339,123.326,2013,10,80,963,WP,FITOW
2013272N10135,2013-10-06T06:00:00Z,26.075,122.9,2013,10,80,963,WP,FITOW
2013272N10135,2013-10-06T09:00:00Z,26.442,122.37,2013,10,77,965,WP,FITOW
2013272N10135,2013-10-06T12:00:00Z,26.8,121.75,2013,10,75,967,WP,FITOW
2013272N10135,2013-10-06T15:00:00Z,27.0132,121.042,2013,10,65,974,WP,FITOW
2013274N18152,2013-10-05T18:00:00Z,20.325,138.075,2013,10,75,967,WP,DANAS
2013274N18152,2013-10-05T21:00:00Z,20.7429,137.273,2013,10,75,967,WP,DANAS
2013274N18152,2013-10-06T00:00:00Z,21.15,136.475,2013,10,75,967,WP,DANAS
2013274N18152,2013-10-06T03:00:00Z,21.5802,135.719,2013,10,82,961,WP,DANAS
2013274N18152,2013-10-06T06:00:00Z,22,134.975,2013,10,90,956,WP,DANAS
2013274N18152,2013-10-06T09:00:00Z,22.3483,134.224,2013,10,95,952,WP,DANAS
2013274N18152,2013-10-07T21:00:00Z,30.4573,126.983,2013,10,97,950,WP,DANAS
2013274N18152,2013-10-08T00:00:00Z,31.325,127,2013,10,90,956,WP,DANAS
2013274N18152,2013-10-08T03:00:00Z,32.0398,127.179,2013,10,82,961,WP,DANAS
2013274N18152,2013-10-08T06:00:00Z,32.725,127.575,2013,10,75,967,WP,DANAS
2013274N18152,2013-10-08T09:00:00Z,33.6837,128.452,2013,10,65,974,WP,DANAS
2013282N14149,2013-10-14T21:00:00Z,26.156,133.827,2013,10,92,953,WP,WIPHA
2013282N14149,2013-10-15T00:00:00Z,26.825,133.925,2013,10,85,959,WP,WIPHA
2013282N14149,2013-10-15T03:00:00Z,27.6379,134.183,2013,10,85,959,WP,WIPHA
2013282N14149,2013-10-15T06:00:00Z,28.475,134.65,2013,10,85,959,WP,WIPHA
2013282N14149,2013-10-15T09:00:00Z,29.3838,135.389,2013,10,77,964,WP,WIPHA
2013282N14149,2013-10-15T12:00:00Z,30.4267,136.427,2013,10,70,970,WP,WIPHA
2013282N14149,2013-10-15T15:00:00Z,31.5658,137.49,2013,10,70,970,WP,WIPHA
2013282N14149,2013-10-15T18:00:00Z,32.8308,138.785,2013,10,70,970,WP,WIPHA
2013289N14149,2013-10-21T03:00:00Z,20.0206,136.039,2013,10,97,950,WP,FRANCISCO
2013289N14149,2013-10-21T06:00:00Z,20.325,135.9,2013,10,95,952,WP,FRANCISCO
2013289N14149,2013-10-21T09:00:00Z,20.6568,135.772,2013,10,92,954,WP,FRANCISCO
2013289N14149,2013-10-21T12:00:00Z,21,135.625,2013,10,90,956,WP,FRANCISCO
2013289N14149,2013-10-21T15:00:00Z,21.3287,135.446,2013,10,87,957,WP,FRANCISCO
2013289N14149,2013-10-21T18:00:00Z,21.65,135.2,2013,10,85,959,WP,FRANCISCO
2013289N14149,2013-10-21T21:00:00Z,21.9756,134.864,2013,10,82,961,WP,FRANCISCO
2013289N14149,2013-10-22T00:00:00Z,22.275,134.475,2013,10,80,963,WP,FRANCISCO
2013289N14149,2013-10-22T03:00:00Z,22.5256,134.084,2013,10,82,961,WP,FRANCISCO
2013289N14149,2013-10-22T06:00:00Z,22.75,133.7,2013,10,85,959,WP,FRANCISCO
2013289N14149,2013-10-22T09:00:00Z,22.9842,133.368,2013,10,87,957,WP,FRANCISCO
2013289N14149,2013-10-22T12:00:00Z,23.2,133.025,2013,10,90,956,WP,FRANCISCO
2013289N14149,2013-10-22T15:00:00Z,23.375,132.613,2013,10,90,956,WP,FRANCISCO
2013289N14149,2013-10-22T18:00:00Z,23.55,132.175,2013,10,90,956,WP,FRANCISCO
2013289N14149,2013-10-22T21:00:00Z,23.7787,131.746,2013,10,85,959,WP,FRANCISCO
2013289N14149,2013-10-23T00:00:00Z,24,131.325,2013,10,80,963,WP,FRANCISCO
2013289N14149,2013-10-23T03:00:00Z,24.1683,130.888,2013,10,75,966,WP,FRANCISCO
2013289N14149,2013-10-23T06:00:00Z,24.3,130.525,2013,10,70,970,WP,FRANCISCO
2013289N14149,2013-10-23T09:00:00Z,24.4086,130.291,2013,10,70,970,WP,FRANCISCO
2013289N14149,2013-10-23T12:00:00Z,24.55,130.075,2013,10,70,970,WP,FRANCISCO
2013289N14149,2013-10-23T15:00:00Z,24.6981,129.967,2013,10,67,972,WP,FRANCISCO
2013289N14149,2013-10-23T18:00:00Z,24.875,129.85,2013,10,65,974,WP,FRANCISCO
2013292N09162,2013-10-25T15:00:00Z,30.4483,145.717,2013,10,97,950,WP,LEKIMA
2013292N09162,2013-10-25T18:00:00Z,31.675,146.675,2013,10,95,952,WP,LEKIMA
2013292N09162,2013-10-25T21:00:00Z,33.0099,147.737,2013,10,85,959,WP,LEKIMA
2013292N09162,2013-10-26T00:00:00Z,34.38,149.06,2013,10,75,967,WP,LEKIMA
2014184N08147,2014-07-08T15:00:00Z,28.3512,125.706,2014,7,97,950,WP,NEOGURI
2014184N08147,2014-07-08T18:00:00Z,28.95,125.8,2014,7,90,956,WP,NEOGURI
2014184N08147,2014-07-08T21:00:00Z,29.6644,125.978,2014,7,82,961,WP,NEOGURI
2014184N08147,2014-07-09T00:00:00Z,30.35,126.15,2014,7,75,967,WP,NEOGURI
2014184N08147,2014-07-09T03:00:00Z,30.9597,126.359,2014,7,72,968,WP,NEOGURI
2014184N08147,2014-07-09T06:00:00Z,31.5,126.725,2014,7,70,970,WP,NEOGURI
2014184N08147,2014-07-09T09:00:00Z,31.7167,127.125,2014,7,65,974,WP,NEOGURI
2014197N10137,2014-07-22T00:00:00Z,20.5,123.7,2014,7,80,963,WP,MATMO
2014197N10137,2014-07-22T03:00:00Z,21.2377,123.205,2014,7,82,961,WP,MATMO
2014197N10137,2014-07-22T06:00:00Z,21.9,122.7,2014,7,85,959,WP,MATMO
2014197N10137,2014-07-22T09:00:00Z,22.2565,122.32,2014,7,85,959,WP,MATMO
2014197N10137,2014-07-22T12:00:00Z,22.55,121.95,2014,7,85,959,WP,MATMO
2014197N10137,2014-07-22T15:00:00Z,23.0225,121.486,2014,7,82,961,WP,MATMO
2014197N10137,2014-07-22T18:00:00Z,23.525,121,2014,7,80,963,WP,MATMO
2014197N10137,2014-07-22T21:00:00Z,23.9726,120.516,2014,7,75,966,WP,MATMO
2014197N10137,2014-07-23T00:00:00Z,24.375,120.1,2014,7,70,970,WP,MATMO
2014209N12152,2014-08-05T06:00:00Z,20.075,129.725,2014,8,90,956,WP,HALONG
2014209N12152,2014-08-05T09:00:00Z,20.495,129.849,2014,8,87,957,WP,HALONG
2014209N12152,2014-08-05T12:00:00Z,20.9,130,2014,8,85,959,WP,HALONG
2014209N12152,2014-08-05T15:00:00Z,21.3093,130.052,2014,8,82,961,WP,HALONG
2014209N12152,2014-08-05T18:00:00Z,21.7,130.1,2014,8,80,963,WP,HALONG
2014209N12152,2014-08-05T21:00:00Z,22.0537,130.208,2014,8,80,963,WP,HALONG
2014209N12152,2014-08-06T00:00:00Z,22.4,130.35,2014,8,80,963,WP,HALONG
2014209N12152,2014-08-06T03:00:00Z,22.7919,130.501,2014,8,82,961,WP,HALONG
2014209N12152,2014-08-06T06:00:00Z,23.15,130.675,2014,8,85,959,WP,HALONG
2014209N12152,2014-08-06T09:00:00Z,23.3977,130.878,2014,8,85,959,WP,HALONG
2014209N12152,2014-08-06T12:00:00Z,23.625,131.075,2014,8,85,959,WP,HALONG
2014209N12152,2014-08-06T15:00:00Z,23.9069,131.227,2014,8,87,957,WP,HALONG
2014209N12152,2014-08-06T18:00:00Z,24.225,131.4,2014,8,90,956,WP,HALONG
2014209N12152,2014-08-06T21:00:00Z,24.6069,131.6,2014,8,90,956,WP,HALONG
2014209N12152,2014-08-07T00:00:00Z,24.975,131.725,2014,8,85,959,WP,HALONG
2014209N12152,2014-08-07T03:00:00Z,25.3802,131.734,2014,8,80,963,WP,HALONG
2014209N12152,2014-08-07T06:00:00Z,25.7,131.675,2014,8,75,967,WP,HALONG
2014209N12152,2014-08-07T09:00:00Z,25.9719,131.681,2014,8,75,967,WP,HALONG
2014209N12152,2014-08-07T12:00:00Z,26.25,131.65,2014,8,75,967,WP,HALONG
2014209N12152,2014-08-07T15:00:00Z,26.5269,131.568,2014,8,75,967,WP,HALONG
2014209N12152,2014-08-07T18:00:00Z,26.8,131.5,2014,8,75,967,WP,HALONG
2014209N12152,2014-08-07T21:00:00Z,27.0581,131.544,2014,8,75,967,WP,HALONG
2014209N12152,2014-08-08T00:00:00Z,27.325,131.575,2014,8,75,967,WP,HALONG
2014209N12152,2014-08-08T03:00:00Z,27.7394,131.589,2014,8,75,967,WP,HALONG
2014209N12152,2014-08-08T06:00:00Z,28.2,131.55,2014,8,75,967,WP,HALONG
2014209N12152,2014-08-08T09:00:00Z,28.4719,131.546,2014,8,72,968,WP,HALONG
2014209N12152,2014-08-08T12:00:00Z,28.7,131.6,2014,8,70,970,WP,HALONG
2014209N12152,2014-08-08T15:00:00Z,28.9681,131.703,2014,8,70,970,WP,HALONG
2014209N12152,2014-08-08T18:00:00Z,29.4,131.875,2014,8,70,970,WP,HALONG
2014209N12152,2014-08-08T21:00:00Z,29.8888,132.062,2014,8,70,970,WP,HALONG
2014209N12152,2014-08-09T00:00:00Z,30.425,132.275,2014,8,70,970,WP,HALONG
2014209N12152,2014-08-09T03:00:00Z,30.8862,132.374,2014,8,70,970,WP,HALONG
2014209N12152,2014-08-09T06:00:00Z,31.3,132.525,2014,8,70,970,WP,HALONG
2014209N12152,2014-08-09T09:00:00Z,31.7288,132.771,2014,8,67,972,WP,HALONG
2014209N12152,2014-08-09T12:00:00Z,32.175,133.025,2014,8,65,974,WP,HALONG
2014209N12152,2014-08-09T15:00:00Z,32.5597,133.148,2014,8,65,974,WP,HALONG
2014209N12152,2014-08-09T18:00:00Z,32.975,133.35,2014,8,65,974,WP,HALONG
2014248N19129,2014-09-08T18:00:00Z,31.6,140.525,2014,9,65,974,WP,FENGSHEN
2014271N10160,2014-10-05T03:00:00Z,29.5652,131.447,2014,10,95,952,WP,PHANFONE
2014271N10160,2014-10-05T06:00:00Z,30.15,131.85,2014,10,90,956,WP,PHANFONE
2014271N10160,2014-10-05T09:00:00Z,30.7197,132.463,2014,10,87,957,WP,PHANFONE
2014271N10160,2014-10-05T12:00:00Z,31.375,133.275,2014,10,85,959,WP,PHANFONE
2014271N10160,2014-10-05T15:00:00Z,32.1633,134.257,2014,10,82,961,WP,PHANFONE
2014271N10160,2014-10-05T18:00:00Z,33.025,135.4,2014,10,80,963,WP,PHANFONE
2014271N10160,2014-10-05T21:00:00Z,33.9044,136.737,2014,10,75,966,WP,PHANFONE
2014271N10160,2014-10-05T23:00:00Z,34.5557,137.721,2014,10,71,968,WP,PHANFONE
2014271N10160,2014-10-06T00:00:00Z,34.88,138.367,2014,10,70,970,WP,PHANFONE
2014275N06166,2014-10-11T06:00:00Z,25.275,128.6,2014,10,90,956,WP,VONGFONG
2014275N06166,2014-10-11T09:00:00Z,25.6434,128.487,2014,10,85,959,WP,VONGFONG
2014275N06166,2014-10-11T12:00:00Z,26.075,128.3,2014,10,80,963,WP,VONGFONG
2014275N06166,2014-10-11T15:00:00Z,26.5163,128.058,2014,10,75,967,WP,VONGFONG
2014275N06166,2014-10-11T18:00:00Z,26.975,127.7,2014,10,70,970,WP,VONGFONG
2014275N06166,2014-10-11T21:00:00Z,27.3609,127.432,2014,10,67,972,WP,VONGFONG
2014275N06166,2014-10-12T00:00:00Z,27.725,127.25,2014,10,65,974,WP,VONGFONG
2014275N06166,2014-10-12T03:00:00Z,28.2444,127.04,2014,10,65,974,WP,VONGFONG
2015180N09160,2015-07-08T06:00:00Z,20.45,132.7,2015,7,90,956,WP,CHAN-HOM
2015180N09160,2015-07-08T09:00:00Z,20.7598,132.222,2015,7,90,956,WP,CHAN-HOM
2015180N09160,2015-07-08T12:00:00Z,21.025,131.7,2015,7,90,956,WP,CHAN-HOM
2015180N09160,2015-07-08T15:00:00Z,21.3457,131.119,2015,7,90,956,WP,CHAN-HOM
2015180N09160,2015-07-08T18:00:00Z,21.7,130.55,2015,7,90,956,WP,CHAN-HOM
2015180N09160,2015-07-08T21:00:00Z,22.0854,130.073,2015,7,90,956,WP,CHAN-HOM
2015180N09160,2015-07-09T00:00:00Z,22.5,129.625,2015,7,90,956,WP,CHAN-HOM
2015180N09160,2015-07-09T03:00:00Z,22.9193,129.143,2015,7,92,954,WP,CHAN-HOM
2015180N09160,2015-07-09T06:00:00Z,23.3,128.625,2015,7,95,952,WP,CHAN-HOM
2015180N09160,2015-07-10T15:00:00Z,27.5327,123.593,2015,7,97,950,WP,CHAN-HOM
2015180N09160,2015-07-10T18:00:00Z,27.8,123.275,2015,7,90,956,WP,CHAN-HOM
2015180N09160,2015-07-10T21:00:00Z,28.188,123.029,2015,7,85,959,WP,CHAN-HOM
2015180N09160,2015-07-11T00:00:00Z,28.625,122.825,2015,7,80,963,WP,CHAN-HOM
2015180N09160,2015-07-11T03:00:00Z,29.0463,122.562,2015,7,75,966,WP,CHAN-HOM
2015180N09160,2015-07-11T06:00:00Z,29.475,122.425,2015,7,70,970,WP,CHAN-HOM
2015180N09160,2015-07-11T09:00:00Z,29.8882,122.572,2015,7,67,972,WP,CHAN-HOM
2015180N09160,2015-07-11T12:00:00Z,30.35,122.825,2015,7,65,974,WP,CHAN-HOM
2015184N08172,2015-07-13T03:00:00Z,20.0275,137.111,2015,7,95,952,WP,NANGKA
2015184N08172,2015-07-13T06:00:00Z,20.5,137.025,2015,7,95,952,WP,NANGKA
2015184N08172,2015-07-13T09:00:00Z,20.9306,136.931,2015,7,92,954,WP,NANGKA
2015184N08172,2015-07-13T12:00:00Z,21.35,136.825,2015,7,90,956,WP,NANGKA
2015184N08172,2015-07-13T15:00:00Z,21.7794,136.705,2015,7,90,956,WP,NANGKA
2015184N08172,2015-07-13T18:00:00Z,22.175,136.6,2015,7,90,956,WP,NANGKA
2015184N08172,2015-07-13T21:00:00Z,22.4837,136.529,2015,7,90,956,WP,NANGKA
2015184N08172,2015-07-14T00:00:00Z,22.8,136.5,2015,7,90,956,WP,NANGKA
2015184N08172,2015-07-14T03:00:00Z,23.2281,136.516,2015,7,90,956,WP,NANGKA
2015184N08172,2015-07-14T06:00:00Z,23.675,136.55,2015,7,90,956,WP,NANGKA
2015184N08172,2015-07-14T09:00:00Z,24.0369,136.574,2015,7,92,954,WP,NANGKA
2015184N08172,2015-07-14T12:00:00Z,24.425,136.575,2015,7,95,952,WP,NANGKA
2015184N08172,2015-07-14T15:00:00Z,24.9313,136.54,2015,7,95,952,WP,NANGKA
2015184N08172,2015-07-14T18:00:00Z,25.475,136.475,2015,7,95,952,WP,NANGKA
2015184N08172,2015-07-14T21:00:00Z,25.9693,136.404,2015,7,90,955,WP,NANGKA
2015184N08172,2015-07-15T00:00:00Z,26.475,136.3,2015,7,85,959,WP,NANGKA
2015184N08172,2015-07-15T03:00:00Z,27.015,136.152,2015,7,85,959,WP,NANGKA
2015184N08172,2015-07-15T06:00:00Z,27.6,135.975,2015,7,85,959,WP,NANGKA
2015184N08172,2015-07-15T09:00:00Z,28.2537,135.789,2015,7,82,961,WP,NANGKA
2015184N08172,2015-07-15T12:00:00Z,28.9,135.6,2015,7,80,963,WP,NANGKA
2015184N08172,2015-07-15T15:00:00Z,29.4562,135.434,2015,7,77,965,WP,NANGKA
2015184N08172,2015-07-15T18:00:00Z,29.975,135.25,2015,7,75,967,WP,NANGKA
2015184N08172,2015-07-15T21:00:00Z,30.5127,134.99,2015,7,75,967,WP,NANGKA
2015184N08172,2015-07-16T00:00:00Z,31.025,134.75,2015,7,75,967,WP,NANGKA
2015184N08172,2015-07-16T03:00:00Z,31.4893,134.61,2015,7,72,968,WP,NANGKA
2015184N08172,2015-07-16T06:00:00Z,32,134.525,2015,7,70,970,WP,NANGKA
2015184N08172,2015-07-16T09:00:00Z,32.5124,134.44,2015,7,67,972,WP,NANGKA
2015184N08172,2015-07-16T12:00:00Z,33.025,134.3,2015,7,65,974,WP,NANGKA
2015188N08194,2015-07-21T00:00:00Z,22.35,144.017,2015,7,65,974,WP,HALOLA
2015188N08194,2015-07-21T03:00:00Z,22.4896,143.436,2015,7,70,970,WP,HALOLA
2015188N08194,2015-07-21T06:00:00Z,22.6,142.883,2015,7,75,967,WP,HALOLA
2015188N08194,2015-07-21T09:00:00Z,22.7406,142.297,2015,7,77,965,WP,HALOLA
2015188N08194,2015-07-21T12:00:00Z,22.8667,141.7,2015,7,80,963,WP,HALOLA
2015188N08194,2015-07-21T15:00:00Z,22.9454,141.079,2015,7,80,963,WP,HALOLA
2015188N08194,2015-07-21T18:00:00Z,23.0167,140.5,2015,7,80,963,WP,HALOLA
2015188N08194,2015-07-21T21:00:00Z,23.1083,140.042,2015,7,80,963,WP,HALOLA
2015188N08194,2015-07-22T00:00:00Z,23.2333,139.6,2015,7,80,963,WP,HALOLA
2015188N08194,2015-07-22T03:00:00Z,23.4168,139.043,2015,7,80,963,WP,HALOLA
2015188N08194,2015-07-22T06:00:00Z,23.6,138.5,2015,7,80,963,WP,HALOLA
2015188N08194,2015-07-22T09:00:00Z,23.7117,138.086,2015,7,82,961,WP,HALOLA
2015188N08194,2015-07-22T12:00:00Z,23.8167,137.7,2015,7,85,959,WP,HALOLA
2015188N08194,2015-07-22T15:00:00Z,23.9712,137.247,2015,7,85,959,WP,HALOLA
2015188N08194,2015-07-22T18:00:00Z,24.1333,136.783,2015,7,85,959,WP,HALOLA
2015188N08194,2015-07-22T21:00:00Z,24.279,136.346,2015,7,85,959,WP,HALOLA
2015188N08194,2015-07-23T00:00:00Z,24.4,135.917,2015,7,85,959,WP,HALOLA
2015188N08194,2015-07-23T03:00:00Z,24.4924,135.476,2015,7,82,961,WP,HALOLA
2015188N08194,2015-07-23T06:00:00Z,24.55,135.05,2015,7,80,963,WP,HALOLA
2015188N08194,2015-07-23T09:00:00Z,24.5714,134.669,2015,7,80,963,WP,HALOLA
2015188N08194,2015-07-23T12:00:00Z,24.5833,134.283,2015,7,80,963,WP,HALOLA
2015188N08194,2015-07-23T15:00:00Z,24.6208,133.823,2015,7,80,963,WP,HALOLA
2015188N08194,2015-07-23T18:00:00Z,24.6667,133.383,2015,7,80,963,WP,HALOLA
2015188N08194,2015-07-23T21:00:00Z,24.7151,133.06,2015,7,77,965,WP,HALOLA
2015188N08194,2015-07-24T00:00:00Z,24.8167,132.717,2015,7,75,967,WP,HALOLA
2015188N08194,2015-07-24T03:00:00Z,24.843,132.237,2015,7,75,967,WP,HALOLA
2015188N08194,2015-07-24T06:00:00Z,24.8833,131.8,2015,7,75,967,WP,HALOLA
2015188N08194,2015-07-24T09:00:00Z,24.9128,131.389,2015,7,72,968,WP,HALOLA
2015188N08194,2015-07-24T12:00:00Z,25,131.083,2015,7,70,970,WP,HALOLA
2015188N08194,2015-07-24T15:00:00Z,25.2327,130.828,2015,7,67,972,WP,HALOLA
2015188N08194,2015-07-24T18:00:00Z,25.55,130.6,2015,7,65,974,WP,HALOLA
2015188N08194,2015-07-24T21:00:00Z,25.833,130.263,2015,7,65,974,WP,HALOLA
2015188N08194,2015-07-25T00:00:00Z,26.2,129.95,2015,7,65,974,WP,HALOLA
2015211N13162,2015-08-05T15:00:00Z,20.031,132.02,2015,8,97,950,WP,SOUDELOR
2015211N13162,2015-08-05T18:00:00Z,20.1,131.45,2015,8,95,952,WP,SOUDELOR
2015211N13162,2015-08-05T21:00:00Z,20.2488,130.816,2015,8,92,954,WP,SOUDELOR
2015211N13162,2015-08-06T00:00:00Z,20.45,130.2,2015,8,90,956,WP,SOUDELOR
2015211N13162,2015-08-06T03:00:00Z,20.6784,129.687,2015,8,87,957,WP,SOUDELOR
2015211N13162,2015-08-06T06:00:00Z,20.9,129.2,2015,8,85,959,WP,SOUDELOR
2015211N13162,2015-08-06T09:00:00Z,21.0591,128.687,2015,8,87,957,WP,SOUDELOR
2015211N13162,2015-08-06T12:00:00Z,21.2,128.125,2015,8,90,956,WP,SOUDELOR
2015211N13162,2015-08-06T15:00:00Z,21.359,127.457,2015,8,92,954,WP,SOUDELOR
2015211N13162,2015-08-06T18:00:00Z,21.525,126.8,2015,8,95,952,WP,SOUDELOR
2015211N13162,2015-08-06T21:00:00Z,21.6866,126.278,2015,8,97,950,WP,SOUDELOR
2015211N13162,2015-08-07T21:00:00Z,23.9367,121.677,2015,8,97,950,WP,SOUDELOR
2015211N13162,2015-08-08T00:00:00Z,23.9,120.9,2015,8,95,952,WP,SOUDELOR
2015211N13162,2015-08-08T03:00:00Z,23.8176,120.349,2015,8,90,956,WP,SOUDELOR
2015211N13162,2015-08-08T06:00:00Z,24.025,120,2015,8,75,967,WP,SOUDELOR
2015226N12151,2015-08-22T00:00:00Z,20.1,122.6,2015,8,80,963,WP,GONI
2015226N12151,2015-08-22T03:00:00Z,20.3868,122.642,2015,8,80,963,WP,GONI
2015226N12151,2015-08-22T06:00:00Z,20.7,122.725,2015,8,80,963,WP,GONI
2015226N12151,2015-08-22T09:00:00Z,20.9891,122.911,2015,8,77,965,WP,GONI
2015226N12151,2015-08-22T12:00:00Z,21.35,123.1,2015,8,75,967,WP,GONI
2015226N12151,2015-08-22T15:00:00Z,21.8531,123.201,2015,8,72,968,WP,GONI
2015226N12151,2015-08-22T18:00:00Z,22.35,123.25,2015,8,70,970,WP,GONI
2015226N12151,2015-08-22T21:00:00Z,22.7812,123.327,2015,8,75,966,WP,GONI
2015226N12151,2015-08-23T00:00:00Z,23.15,123.375,2015,8,80,963,WP,GONI
2015226N12151,2015-08-23T03:00:00Z,23.4949,123.431,2015,8,85,959,WP,GONI
2015226N12151,2015-08-23T06:00:00Z,23.8,123.525,2015,8,90,956,WP,GONI
2015226N12151,2015-08-23T09:00:00Z,24.1587,123.747,2015,8,97,950,WP,GONI
2015226N12151,2015-08-25T00:00:00Z,33.9,130.475,2015,8,85,959,WP,GONI
2015226N12151,2015-08-25T03:00:00Z,34.6277,130.708,2015,8,75,966,WP,GONI
2015226N12151,2015-08-25T06:00:00Z,35.2,131,2015,8,65,974,WP,GONI
2015226N15164,2015-08-21T09:00:00Z,25.2931,145.744,2015,8,97,950,WP,ATSANI
2015226N15164,2015-08-21T12:00:00Z,25.575,145.5,2015,8,90,956,WP,ATSANI
2015226N15164,2015-08-21T15:00:00Z,25.9856,145.294,2015,8,85,959,WP,ATSANI
2015226N15164,2015-08-21T18:00:00Z,26.4,145.125,2015,8,80,963,WP,ATSANI
2015226N15164,2015-08-21T21:00:00Z,26.7169,144.964,2015,8,80,963,WP,ATSANI
2015226N15164,2015-08-22T00:00:00Z,27,144.875,2015,8,80,963,WP,ATSANI
2015226N15164,2015-08-22T03:00:00Z,27.2962,144.899,2015,8,80,963,WP,ATSANI
2015226N15164,2015-08-22T06:00:00Z,27.6,144.975,2015,8,80,963,WP,ATSANI
2015226N15164,2015-08-22T09:00:00Z,27.9137,145.019,2015,8,80,963,WP,ATSANI
2015226N15164,2015-08-22T12:00:00Z,28.25,145.075,2015,8,80,963,WP,ATSANI
2015226N15164,2015-08-22T15:00:00Z,28.6325,145.153,2015,8,80,963,WP,ATSANI
2015226N15164,2015-08-22T18:00:00Z,29,145.25,2015,8,80,963,WP,ATSANI
2015226N15164,2015-08-22T21:00:00Z,29.2974,145.333,2015,8,80,963,WP,ATSANI
2015226N15164,2015-08-23T00:00:00Z,29.55,145.475,2015,8,80,963,WP,ATSANI
2015226N15164,2015-08-23T03:00:00Z,29.7713,145.733,2015,8,80,963,WP,ATSANI
2015226N15164,2015-08-23T06:00:00Z,30,146.05,2015,8,80,963,WP,ATSANI
2015226N15164,2015-08-23T09:00:00Z,30.2812,146.355,2015,8,77,965,WP,ATSANI
2015226N15164,2015-08-23T12:00:00Z,30.6,146.675,2015,8,75,967,WP,ATSANI
2015226N15164,2015-08-23T15:00:00Z,30.9386,147.002,2015,8,72,968,WP,ATSANI
2015226N15164,2015-08-23T18:00:00Z,31.3,147.35,2015,8,70,970,WP,ATSANI
2015226N15164,2015-08-23T21:00:00Z,31.6878,147.708,2015,8,67,972,WP,ATSANI
2015226N15164,2015-08-24T00:00:00Z,32.05,148.125,2015,8,65,974,WP,ATSANI
2015257N14152,2015-09-16T15:00:00Z,20.1373,145.978,2015,9,65,974,WP,KROVANH
2015257N14152,2015-09-16T18:00:00Z,20.4,145.625,2015,9,70,970,WP,KROVANH
2015257N14152,2015-09-16T21:00:00Z,20.7119,145.219,2015,9,75,966,WP,KROVANH
2015257N14152,2015-09-17T00:00:00Z,21.05,144.825,2015,9,80,963,WP,KROVANH
2015257N14152,2015-09-17T03:00:00Z,21.3699,144.49,2015,9,85,959,WP,KROVANH
2015257N14152,2015-09-17T06:00:00Z,21.675,144.175,2015,9,90,956,WP,KROVANH
2015257N14152,2015-09-17T09:00:00Z,21.9424,143.839,2015,9,95,952,WP,KROVANH
2015257N14152,2015-09-17T21:00:00Z,23.3043,142.614,2015,9,97,950,WP,KROVANH
2015257N14152,2015-09-18T00:00:00Z,23.7,142.475,2015,9,95,952,WP,KROVANH
2015257N14152,2015-09-18T03:00:00Z,24.1901,142.348,2015,9,92,954,WP,KROVANH
2015257N14152,2015-09-18T06:00:00Z,24.7,142.275,2015,9,90,956,WP,KROVANH
2015257N14152,2015-09-18T09:00:00Z,25.1356,142.243,2015,9,87,957,WP,KROVANH
2015257N14152,2015-09-18T12:00:00Z,25.55,142.3,2015,9,85,959,WP,KROVANH
2015257N14152,2015-09-18T15:00:00Z,26.0275,142.375,2015,9,82,961,WP,KROVANH
2015257N14152,2015-09-18T18:00:00Z,26.65,142.675,2015,9,80,963,WP,KROVANH
2015257N14152,2015-09-18T21:00:00Z,27.2643,142.97,2015,9,77,965,WP,KROVANH
2015257N14152,2015-09-19T00:00:00Z,27.875,143.3,2015,9,75,967,WP,KROVANH
2015257N14152,2015-09-19T03:00:00Z,28.3718,143.694,2015,9,72,968,WP,KROVANH
2015257N14152,2015-09-19T06:00:00Z,28.9,144.2,2015,9,70,970,WP,KROVANH
2015257N14152,2015-09-19T09:00:00Z,29.4454,144.702,2015,9,65,974,WP,KROVANH
2015263N14148,2015-09-25T18:00:00Z,20.275,130.95,2015,9,85,959,WP,DUJUAN
2015263N14148,2015-09-25T21:00:00Z,20.5907,130.642,2015,9,87,957,WP,DUJUAN
2015263N14148,2015-09-26T00:00:00Z,20.925,130.3,2015,9,90,956,WP,DUJUAN
2015263N14148,2015-09-26T03:00:00Z,21.2686,130.013,2015,9,92,954,WP,DUJUAN
2015263N14148,2015-09-26T06:00:00Z,21.575,129.7,2015,9,95,952,WP,DUJUAN
2015263N14148,2015-09-28T15:00:00Z,24.0726,120.456,2015,9,95,952,WP,DUJUAN
2015263N14148,2015-09-28T18:00:00Z,24.175,120.05,2015,9,90,956,WP,DUJUAN
2015286N13161,2015-10-19T15:00:00Z,21.1069,140.141,2015,10,97,950,WP,CHAMPI
2015286N13161,2015-10-19T18:00:00Z,21.2,140.1,2015,10,95,952,WP,CHAMPI
2015286N13161,2015-10-19T21:00:00Z,21.3369,140.107,2015,10,92,954,WP,CHAMPI
2015286N13161,2015-10-20T00:00:00Z,21.5,140.125,2015,10,90,956,WP,CHAMPI
2015286N13161,2015-10-20T03:00:00Z,21.6806,140.127,2015,10,87,957,WP,CHAMPI
2015286N13161,2015-10-20T06:00:00Z,21.85,140.1,2015,10,85,959,WP,CHAMPI
2015286N13161,2015-10-20T09:00:00Z,21.9738,140.011,2015,10,82,961,WP,CHAMPI
2015286N13161,2015-10-20T12:00:00Z,22.075,139.925,2015,10,80,963,WP,CHAMPI
2015286N13161,2015-10-20T15:00:00Z,22.1637,139.914,2015,10,77,965,WP,CHAMPI
2015286N13161,2015-10-20T18:00:00Z,22.275,139.925,2015,10,75,967,WP,CHAMPI
2015286N13161,2015-10-20T21:00:00Z,22.4606,139.907,2015,10,75,967,WP,CHAMPI
2015286N13161,2015-10-21T00:00:00Z,22.65,139.9,2015,10,75,967,WP,CHAMPI
2015286N13161,2015-10-21T03:00:00Z,22.7718,139.911,2015,10,77,965,WP,CHAMPI
2015286N13161,2015-10-21T06:00:00Z,22.875,139.975,2015,10,80,963,WP,CHAMPI
2015286N13161,2015-10-21T09:00:00Z,22.9888,140.115,2015,10,82,961,WP,CHAMPI
2015286N13161,2015-10-21T12:00:00Z,23.125,140.3,2015,10,85,959,WP,CHAMPI
2015286N13161,2015-10-21T15:00:00Z,23.3143,140.474,2015,10,87,957,WP,CHAMPI
2015286N13161,2015-10-21T18:00:00Z,23.5,140.675,2015,10,90,956,WP,CHAMPI
2015286N13161,2015-10-21T21:00:00Z,23.62,140.908,2015,10,95,952,WP,CHAMPI
2015286N13161,2015-10-22T21:00:00Z,24.8714,144.455,2015,10,97,950,WP,CHAMPI
2015286N13161,2015-10-23T00:00:00Z,25.025,145.075,2015,10,95,952,WP,CHAMPI
2015286N13161,2015-10-23T03:00:00Z,25.205,145.789,2015,10,92,954,WP,CHAMPI
2015286N13161,2015-10-23T06:00:00Z,25.4,146.525,2015,10,90,956,WP,CHAMPI
2015286N13161,2015-10-23T09:00:00Z,25.5952,147.21,2015,10,85,959,WP,CHAMPI
2015286N13161,2015-10-23T12:00:00Z,25.825,147.875,2015,10,80,963,WP,CHAMPI
2015286N13161,2015-10-23T15:00:00Z,26.1118,148.558,2015,10,77,965,WP,CHAMPI
2015286N13161,2015-10-23T18:00:00Z,26.425,149.2,2015,10,75,967,WP,CHAMPI
2015286N13161,2015-10-23T21:00:00Z,26.7299,149.734,2015,10,72,968,WP,CHAMPI
2016185N08145,2016-07-08T00:00:00Z,22.6,120.65,2016,7,95,952,WP,NEPARTAK
2016185N08145,2016-07-08T03:00:00Z,22.9054,120.315,2016,7,80,963,WP,NEPARTAK
2016185N08145,2016-07-08T06:00:00Z,23.2,120.1,2016,7,65,974,WP,NEPARTAK
2016216N17149,2016-08-06T06:00:00Z,25.125,147.6,2016,8,65,974,WP,OMAIS
2016216N17149,2016-08-06T09:00:00Z,25.645,147.613,2016,8,65,974,WP,OMAIS
2016216N17149,2016-08-06T12:00:00Z,26.225,147.6,2016,8,65,974,WP,OMAIS
2016230N15138,2016-08-22T00:00:00Z,34.25,139.475,2016,8,65,974,WP,MINDULLE
2016230N25160,2016-08-23T15:00:00Z,26.3683,133.714,2016,8,65,974,WP,LIONROCK
2016230N25160,2016-08-23T18:00:00Z,26,133.35,2016,8,70,970,WP,LIONROCK
2016230N25160,2016-08-23T21:00:00Z,25.6437,133.046,2016,8,75,966,WP,LIONROCK
2016230N25160,2016-08-24T00:00:00Z,25.325,132.775,2016,8,80,963,WP,LIONROCK
2016230N25160,2016-08-24T03:00:00Z,25.0724,132.547,2016,8,87,957,WP,LIONROCK
2016230N25160,2016-08-24T06:00:00Z,24.85,132.325,2016,8,95,952,WP,LIONROCK
2016230N25160,2016-08-24T09:00:00Z,24.6163,132.059,2016,8,97,950,WP,LIONROCK
2016230N25160,2016-08-25T09:00:00Z,23.4775,130.895,2016,8,97,950,WP,LIONROCK
2016230N25160,2016-08-25T12:00:00Z,23.45,130.85,2016,8,95,952,WP,LIONROCK
2016230N25160,2016-08-25T15:00:00Z,23.2982,130.704,2016,8,95,952,WP,LIONROCK
2016230N25160,2016-08-25T18:00:00Z,23.15,130.625,2016,8,95,952,WP,LIONROCK
2016230N25160,2016-08-25T21:00:00Z,23.1313,130.773,2016,8,95,952,WP,LIONROCK
2016230N25160,2016-08-26T00:00:00Z,23.15,131,2016,8,95,952,WP,LIONROCK
2016230N25160,2016-08-26T03:00:00Z,23.1192,131.114,2016,8,95,952,WP,LIONROCK
2016230N25160,2016-08-26T06:00:00Z,23.1,131.3,2016,8,95,952,WP,LIONROCK
2016230N25160,2016-08-26T09:00:00Z,23.1116,131.718,2016,8,92,954,WP,LIONROCK
2016230N25160,2016-08-26T12:00:00Z,23.175,132.15,2016,8,90,956,WP,LIONROCK
2016230N25160,2016-08-26T15:00:00Z,23.3116,132.374,2016,8,90,956,WP,LIONROCK
2016230N25160,2016-08-26T18:00:00Z,23.475,132.55,2016,8,90,956,WP,LIONROCK
2016230N25160,2016-08-26T21:00:00Z,23.6018,132.784,2016,8,95,952,WP,LIONROCK
2016230N25160,2016-08-28T21:00:00Z,29.9206,141.147,2016,8,92,953,WP,LIONROCK
2016230N25160,2016-08-29T00:00:00Z,30.45,141.7,2016,8,85,959,WP,LIONROCK
2016230N25160,2016-08-29T03:00:00Z,30.9336,142.252,2016,8,77,964,WP,LIONROCK
2016230N25160,2016-08-29T06:00:00Z,31.425,142.725,2016,8,70,970,WP,LIONROCK
2016230N25160,2016-08-29T09:00:00Z,31.943,143.125,2016,8,67,972,WP,LIONROCK
2016230N25160,2016-08-29T12:00:00Z,32.525,143.4,2016,8,65,974,WP,LIONROCK
2016230N25160,2016-08-29T15:00:00Z,33.1629,143.62,2016,8,65,974,WP,LIONROCK
2016230N25160,2016-08-29T18:00:00Z,33.925,143.6,2016,8,65,974,WP,LIONROCK
2016230N25160,2016-08-29T21:00:00Z,34.8746,143.197,2016,8,65,974,WP,LIONROCK
2016230N25160,2016-08-30T00:00:00Z,35.875,142.65,2016,8,65,974,WP,LIONROCK
2016244N21123,2016-09-01T09:00:00Z,24.6906,129.622,2016,9,65,974,WP,NAMTHEUN
2016244N21123,2016-09-01T12:00:00Z,24.975,130.125,2016,9,70,970,WP,NAMTHEUN
2016244N21123,2016-09-01T15:00:00Z,25.3393,130.456,2016,9,72,968,WP,NAMTHEUN
2016244N21123,2016-09-01T18:00:00Z,25.75,130.625,2016,9,75,967,WP,NAMTHEUN
2016244N21123,2016-09-01T21:00:00Z,26.1056,130.728,2016,9,80,963,WP,NAMTHEUN
2016244N21123,2016-09-02T00:00:00Z,26.425,130.775,2016,9,85,959,WP,NAMTHEUN
2016244N21123,2016-09-02T03:00:00Z,26.7894,130.795,2016,9,92,953,WP,NAMTHEUN
2016244N21123,2016-09-02T15:00:00Z,28.1013,130.703,2016,9,97,950,WP,NAMTHEUN
2016244N21123,2016-09-02T18:00:00Z,28.475,130.575,2016,9,95,952,WP,NAMTHEUN
2016244N21123,2016-09-02T21:00:00Z,28.8875,130.448,2016,9,92,954,WP,NAMTHEUN
2016244N21123,2016-09-03T00:00:00Z,29.3,130.3,2016,9,90,956,WP,NAMTHEUN
2016244N21123,2016-09-03T03:00:00Z,29.6794,130.192,2016,9,85,959,WP,NAMTHEUN
2016244N21123,2016-09-03T06:00:00Z,30,130.1,2016,9,80,963,WP,NAMTHEUN
2016244N21123,2016-09-03T09:00:00Z,30.2862,130.025,2016,9,75,966,WP,NAMTHEUN
2016244N21123,2016-09-03T12:00:00Z,30.525,129.95,2016,9,70,970,WP,NAMTHEUN
2016244N21123,2016-09-03T15:00:00Z,30.7719,129.877,2016,9,65,974,WP,NAMTHEUN
2016256N12146,2016-09-16T00:00:00Z,20.15,124.675,2016,9,95,952,WP,MALAKAS
2016256N12146,2016-09-17T09:00:00Z,25.6037,122.708,2016,9,90,955,WP,MALAKAS
2016256N12146,2016-09-17T12:00:00Z,25.85,122.7,2016,9,80,963,WP,MALAKAS
2016256N12146,2016-09-17T15:00:00Z,26.0497,122.68,2016,9,77,965,WP,MALAKAS
2016256N12146,2016-09-17T18:00:00Z,26.25,122.775,2016,9,75,967,WP,MALAKAS
2016256N12146,2016-09-17T21:00:00Z,26.5351,123.087,2016,9,75,967,WP,MALAKAS
2016256N12146,2016-09-18T00:00:00Z,26.85,123.5,2016,9,75,967,WP,MALAKAS
2016256N12146,2016-09-18T03:00:00Z,27.1536,123.864,2016,9,80,963,WP,MALAKAS
2016256N12146,2016-09-18T06:00:00Z,27.45,124.25,2016,9,85,959,WP,MALAKAS
2016256N12146,2016-09-18T09:00:00Z,27.7211,124.671,2016,9,87,960,WP,MALAKAS
2016256N12146,2016-09-18T12:00:00Z,28,125.125,2016,9,90,961,WP,MALAKAS
2016256N12146,2016-09-18T15:00:00Z,28.3099,125.602,2016,9,97,954,WP,MALAKAS
2016256N12146,2016-09-19T15:00:00Z,31.1389,130.542,2016,9,90,956,WP,MALAKAS
2016256N12146,2016-09-19T18:00:00Z,31.6,131.475,2016,9,80,963,WP,MALAKAS
2016256N12146,2016-09-19T21:00:00Z,32.1721,132.44,2016,9,72,971,WP,MALAKAS
2016256N12146,2016-09-20T00:00:00Z,32.85,133.475,2016,9,65,979,WP,MALAKAS
2016266N11144,2016-09-25T09:00:00Z,20.0052,129.857,2016,9,87,959,WP,MEGI
2016266N11144,2016-09-25T12:00:00Z,20.15,129.375,2016,9,90,959,WP,MEGI
2016266N11144,2016-09-25T15:00:00Z,20.3395,128.782,2016,9,90,959,WP,MEGI
2016266N11144,2016-09-25T18:00:00Z,20.525,128.2,2016,9,90,959,WP,MEGI
2016266N11144,2016-09-25T21:00:00Z,20.6452,127.742,2016,9,92,955,WP,MEGI
2016266N11144,2016-09-26T00:00:00Z,20.8,127.3,2016,9,95,952,WP,MEGI
2016266N11144,2016-09-26T03:00:00Z,21.0871,126.755,2016,9,97,950,WP,MEGI
2016266N11144,2016-09-27T09:00:00Z,23.8963,121.035,2016,9,90,955,WP,MEGI
2016266N11144,2016-09-27T12:00:00Z,23.85,120.575,2016,9,80,963,WP,MEGI
2016266N11144,2016-09-27T15:00:00Z,24.1459,120.045,2016,9,70,970,WP,MEGI
2016269N15165,2016-10-04T12:00:00Z,31.05,125.9,2016,10,95,952,WP,CHABA
2016269N15165,2016-10-04T15:00:00Z,31.8336,126.198,2016,10,90,959,WP,CHABA
2016269N15165,2016-10-04T18:00:00Z,32.7,126.675,2016,10,85,966,WP,CHABA
2016269N15165,2016-10-04T21:00:00Z,33.4732,127.245,2016,10,77,968,WP,CHABA
2016269N15165,2016-10-05T00:00:00Z,34.3667,128.127,2016,10,70,970,WP,CHABA
2016278N16181,2016-10-09T21:00:00Z,24.2624,146.774,2016,10,65,974,WP,SONGDA
2016278N16181,2016-10-10T00:00:00Z,24.65,146.375,2016,10,70,970,WP,SONGDA
2016278N16181,2016-10-10T03:00:00Z,25.0567,146.075,2016,10,82,961,WP,SONGDA
2016278N16181,2016-10-10T06:00:00Z,25.475,145.9,2016,10,95,952,WP,SONGDA
2017182N15132,2017-07-03T09:00:00Z,28.613,125.542,2017,7,65,974,WP,NANMADOL
2017200N26162,2017-07-27T09:00:00Z,30.9241,149.505,2017,7,75,969,WP,NORU
2017200N26162,2017-07-27T12:00:00Z,30.75,148.5,2017,7,75,971,WP,NORU
2017200N26162,2017-07-27T15:00:00Z,30.601,147.632,2017,7,72,970,WP,NORU
2017200N26162,2017-07-27T18:00:00Z,30.375,146.825,2017,7,70,970,WP,NORU
2017200N26162,2017-07-27T21:00:00Z,30.0177,145.973,2017,7,70,970,WP,NORU
2017200N26162,2017-07-28T00:00:00Z,29.6,145.25,2017,7,70,970,WP,NORU
2017200N26162,2017-07-28T03:00:00Z,29.1981,144.788,2017,7,70,970,WP,NORU
2017200N26162,2017-07-28T06:00:00Z,28.825,144.425,2017,7,70,970,WP,NORU
2017200N26162,2017-07-28T09:00:00Z,28.5082,143.974,2017,7,67,972,WP,NORU
2017200N26162,2017-07-28T12:00:00Z,28.225,143.65,2017,7,65,975,WP,NORU
2017200N26162,2017-07-28T15:00:00Z,27.9661,143.43,2017,7,65,975,WP,NORU
2017200N26162,2017-07-28T18:00:00Z,27.7,143.275,2017,7,65,976,WP,NORU
2017200N26162,2017-07-28T21:00:00Z,27.3956,143.043,2017,7,65,976,WP,NORU
2017200N26162,2017-07-29T00:00:00Z,27.05,142.8,2017,7,65,976,WP,NORU
2017200N26162,2017-07-29T03:00:00Z,26.6113,142.505,2017,7,65,976,WP,NORU
2017200N26162,2017-07-29T06:00:00Z,26.175,142.25,2017,7,65,976,WP,NORU
2017200N26162,2017-07-29T09:00:00Z,25.7462,142.096,2017,7,65,975,WP,NORU
2017200N26162,2017-07-29T12:00:00Z,25.3,141.95,2017,7,65,974,WP,NORU
2017200N26162,2017-07-29T15:00:00Z,24.8765,141.853,2017,7,65,974,WP,NORU
2017200N26162,2017-07-29T18:00:00Z,24.5,141.8,2017,7,65,974,WP,NORU
2017200N26162,2017-07-29T21:00:00Z,24.1813,141.764,2017,7,70,970,WP,NORU
2017200N26162,2017-07-30T00:00:00Z,23.9,141.725,2017,7,75,967,WP,NORU
2017200N26162,2017-07-30T03:00:00Z,23.6138,141.643,2017,7,82,961,WP,NORU
2017200N26162,2017-07-30T06:00:00Z,23.35,141.55,2017,7,90,956,WP,NORU
2017200N26162,2017-08-01T09:00:00Z,24.2568,137.462,2017,8,97,950,WP,NORU
2017200N26162,2017-08-01T12:00:00Z,24.475,137.225,2017,8,95,952,WP,NORU
2017200N26162,2017-08-01T15:00:00Z,24.725,136.951,2017,8,92,954,WP,NORU
2017200N26162,2017-08-01T18:00:00Z,24.975,136.7,2017,8,90,956,WP,NORU
2017200N26162,2017-08-01T21:00:00Z,25.1911,136.532,2017,8,90,956,WP,NORU
2017200N26162,2017-08-02T00:00:00Z,25.4,136.375,2017,8,90,956,WP,NORU
2017200N26162,2017-08-02T03:00:00Z,25.6326,136.144,2017,8,90,956,WP,NORU
2017200N26162,2017-08-02T06:00:00Z,25.85,135.925,2017,8,90,956,WP,NORU
2017200N26162,2017-08-02T09:00:00Z,26.0049,135.785,2017,8,90,956,WP,NORU
2017200N26162,2017-08-02T12:00:00Z,26.175,135.675,2017,8,90,956,WP,NORU
2017200N26162,2017-08-02T15:00:00Z,26.4237,135.572,2017,8,90,956,WP,NORU
2017200N26162,2017-08-02T18:00:00Z,26.725,135.425,2017,8,90,956,WP,NORU
2017200N26162,2017-08-02T21:00:00Z,27.0643,135.189,2017,8,90,954,WP,NORU
2017200N26162,2017-08-03T00:00:00Z,27.4,134.875,2017,8,90,953,WP,NORU
2017200N26162,2017-08-03T03:00:00Z,27.6963,134.501,2017,8,87,954,WP,NORU
2017200N26162,2017-08-03T06:00:00Z,27.925,134.1,2017,8,85,956,WP,NORU
2017200N26162,2017-08-03T09:00:00Z,28.0629,133.761,2017,8,82,959,WP,NORU
2017200N26162,2017-08-03T12:00:00Z,28.15,133.375,2017,8,80,963,WP,NORU
2017200N26162,2017-08-03T15:00:00Z,28.2413,132.866,2017,8,80,963,WP,NORU
2017200N26162,2017-08-03T18:00:00Z,28.325,132.4,2017,8,80,963,WP,NORU
2017200N26162,2017-08-03T21:00:00Z,28.4106,131.932,2017,8,80,963,WP,NORU
2017200N26162,2017-08-04T00:00:00Z,28.5,131.55,2017,8,80,963,WP,NORU
2017200N26162,2017-08-04T03:00:00Z,28.5942,131.311,2017,8,80,963,WP,NORU
2017200N26162,2017-08-04T06:00:00Z,28.7,131.125,2017,8,80,963,WP,NORU
2017200N26162,2017-08-04T09:00:00Z,28.8231,130.955,2017,8,80,963,WP,NORU
2017200N26162,2017-08-04T12:00:00Z,28.95,130.775,2017,8,80,963,WP,NORU
2017200N26162,2017-08-04T15:00:00Z,29.0819,130.576,2017,8,80,962,WP,NORU
2017200N26162,2017-08-04T18:00:00Z,29.2,130.45,2017,8,80,962,WP,NORU
2017200N26162,2017-08-04T21:00:00Z,29.3587,130.353,2017,8,80,962,WP,NORU
2017200N26162,2017-08-05T00:00:00Z,29.575,130.275,2017,8,80,962,WP,NORU
2017200N26162,2017-08-05T03:00:00Z,29.7488,130.191,2017,8,80,962,WP,NORU
2017200N26162,2017-08-05T06:00:00Z,29.875,130.125,2017,8,80,962,WP,NORU
2017200N26162,2017-08-05T09:00:00Z,29.9662,130.095,2017,8,77,964,WP,NORU
2017200N26162,2017-08-05T12:00:00Z,30.05,130.125,2017,8,75,967,WP,NORU
2017200N26162,2017-08-05T15:00:00Z,30.0476,130.281,2017,8,75,967,WP,NORU
2017200N26162,2017-08-05T17:00:00Z,30.236,130.445,2017,8,75,967,WP,NORU
2017200N26162,2017-08-05T18:00:00Z,30.275,130.525,2017,8,75,967,WP,NORU
2017200N26162,2017-08-05T21:00:00Z,30.4549,130.689,2017,8,75,967,WP,NORU
2017200N26162,2017-08-06T00:00:00Z,30.7,130.875,2017,8,75,967,WP,NORU
2017200N26162,2017-08-06T03:00:00Z,30.8762,131.147,2017,8,75,967,WP,NORU
2017200N26162,2017-08-06T06:00:00Z,31.075,131.475,2017,8,75,967,WP,NORU
2017200N26162,2017-08-06T09:00:00Z,31.3632,131.886,2017,8,72,968,WP,NORU
2017200N26162,2017-08-06T12:00:00Z,31.725,132.3,2017,8,70,970,WP,NORU
2017200N26162,2017-08-06T15:00:00Z,32.1228,132.58,2017,8,67,969,WP,NORU
2017200N26162,2017-08-06T18:00:00Z,32.5,132.925,2017,8,65,968,WP,NORU
2017200N26162,2017-08-06T21:00:00Z,32.8231,133.385,2017,8,65,968,WP,NORU
2017200N26162,2017-08-07T00:00:00Z,33.15,133.925,2017,8,65,968,WP,NORU
2017200N26162,2017-08-07T03:00:00Z,33.5592,134.486,2017,8,65,968,WP,NORU
2017200N26162,2017-08-07T06:00:00Z,34,135.05,2017,8,65,968,WP,NORU
2017206N13129,2017-07-28T06:00:00Z,20.575,125.075,2017,7,65,974,WP,NESAT
2017206N13129,2017-07-28T09:00:00Z,20.8279,124.762,2017,7,67,972,WP,NESAT
2017206N13129,2017-07-28T12:00:00Z,21.1,124.4,2017,7,70,970,WP,NESAT
2017206N13129,2017-07-28T15:00:00Z,21.4177,123.951,2017,7,72,968,WP,NESAT
2017206N13129,2017-07-28T18:00:00Z,21.725,123.575,2017,7,75,967,WP,NESAT
2017206N13129,2017-07-28T21:00:00Z,22.0523,123.391,2017,7,77,965,WP,NESAT
2017206N13129,2017-07-29T00:00:00Z,22.425,123.275,2017,7,80,963,WP,NESAT
2017206N13129,2017-07-29T03:00:00Z,22.8691,123.073,2017,7,82,961,WP,NESAT
2017206N13129,2017-07-29T06:00:00Z,23.4,122.775,2017,7,85,959,WP,NESAT
2017206N13129,2017-07-29T09:00:00Z,23.9737,122.39,2017,7,90,956,WP,NESAT
2017206N13129,2017-07-29T12:00:00Z,24.625,121.8,2017,7,80,963,WP,NESAT
2017206N13129,2017-07-29T15:00:00Z,24.8738,120.902,2017,7,70,970,WP,NESAT
2017239N18147,2017-08-31T03:00:00Z,26.9057,141.921,2017,8,65,974,WP,SANVU
2017239N18147,2017-08-31T06:00:00Z,27.15,141.975,2017,8,70,970,WP,SANVU
2017239N18147,2017-08-31T09:00:00Z,27.4812,142.058,2017,8,70,970,WP,SANVU
2017239N18147,2017-08-31T12:00:00Z,27.775,141.95,2017,8,75,966,WP,SANVU
2017239N18147,2017-08-31T15:00:00Z,27.8687,141.714,2017,8,77,963,WP,SANVU
2017239N18147,2017-08-31T18:00:00Z,27.725,141.625,2017,8,80,960,WP,SANVU
2017239N18147,2017-08-31T21:00:00Z,27.4567,141.797,2017,8,85,956,WP,SANVU
2017239N18147,2017-09-01T00:00:00Z,27.225,142.125,2017,9,90,953,WP,SANVU
2017239N18147,2017-09-01T03:00:00Z,27.2481,142.632,2017,9,90,953,WP,SANVU
2017239N18147,2017-09-01T06:00:00Z,27.475,143.1,2017,9,85,959,WP,SANVU
2017239N18147,2017-09-01T09:00:00Z,27.7599,143.424,2017,9,80,963,WP,SANVU
2017239N18147,2017-09-01T12:00:00Z,28.05,143.65,2017,9,75,967,WP,SANVU
2017239N18147,2017-09-01T15:00:00Z,28.2653,143.776,2017,9,72,968,WP,SANVU
2017239N18147,2017-09-01T18:00:00Z,28.55,143.925,2017,9,70,970,WP,SANVU
2017239N18147,2017-09-01T21:00:00Z,28.9812,144.227,2017,9,67,971,WP,SANVU
2017239N18147,2017-09-02T00:00:00Z,29.6,144.625,2017,9,65,973,WP,SANVU
2017252N14147,2017-09-12T00:00:00Z,21.225,130.575,2017,9,65,974,WP,TALIM
2017252N14147,2017-09-12T03:00:00Z,21.6457,129.699,2017,9,67,972,WP,TALIM
2017252N14147,2017-09-12T06:00:00Z,22.05,128.875,2017,9,70,970,WP,TALIM
2017252N14147,2017-09-12T09:00:00Z,22.4373,128.334,2017,9,70,975,WP,TALIM
2017252N14147,2017-09-12T12:00:00Z,22.825,127.9,2017,9,70,981,WP,TALIM
2017252N14147,2017-09-12T15:00:00Z,23.2395,127.392,2017,9,72,974,WP,TALIM
2017252N14147,2017-09-12T18:00:00Z,23.625,126.925,2017,9,75,967,WP,TALIM
2017252N14147,2017-09-12T21:00:00Z,23.9755,126.554,2017,9,77,965,WP,TALIM
2017252N14147,2017-09-13T00:00:00Z,24.3,126.275,2017,9,80,963,WP,TALIM
2017252N14147,2017-09-13T03:00:00Z,24.6037,126.028,2017,9,85,959,WP,TALIM
2017252N14147,2017-09-13T06:00:00Z,24.9,125.825,2017,9,90,956,WP,TALIM
2017252N14147,2017-09-13T09:00:00Z,25.2431,125.6,2017,9,95,952,WP,TALIM
2017252N14147,2017-09-14T18:00:00Z,27.7,124.4,2017,9,95,952,WP,TALIM
2017252N14147,2017-09-14T21:00:00Z,27.8775,124.51,2017,9,87,957,WP,TALIM
2017252N14147,2017-09-15T00:00:00Z,28.025,124.65,2017,9,80,963,WP,TALIM
2017252N14147,2017-09-15T03:00:00Z,28.1362,124.791,2017,9,75,966,WP,TALIM
2017252N14147,2017-09-15T06:00:00Z,28.225,124.95,2017,9,70,970,WP,TALIM
2017252N14147,2017-09-15T09:00:00Z,28.3144,125.139,2017,9,67,972,WP,TALIM
2017252N14147,2017-09-15T12:00:00Z,28.4,125.325,2017,9,65,974,WP,TALIM
2017288N09138,2017-10-22T12:00:00Z,32.125,136.275,2017,10,90,956,WP,LAN
2017288N09138,2017-10-22T15:00:00Z,33.3841,137.196,2017,10,80,963,WP,LAN
2017288N09138,2017-10-22T18:00:00Z,34.6857,138.207,2017,10,70,970,WP,LAN
2017292N13151,2017-10-28T06:00:00Z,27.075,128.4,2017,10,65,975,WP,SAOLA
2017292N13151,2017-10-28T09:00:00Z,27.7999,128.777,2017,10,65,974,WP,SAOLA
2017292N13151,2017-10-28T12:00:00Z,28.525,129.35,2017,10,65,974,WP,SAOLA
2018179N19134,2018-07-01T18:00:00Z,26.15,126.8,2018,7,65,976,WP,PRAPIROON
2018179N19134,2018-07-01T21:00:00Z,26.68,126.84,2018,7,70,972,WP,PRAPIROON
2018179N19134,2018-07-02T00:00:00Z,27.2,126.975,2018,7,75,968,WP,PRAPIROON
2018179N19134,2018-07-02T03:00:00Z,27.685,127.1,2018,7,77,965,WP,PRAPIROON
2018179N19134,2018-07-02T06:00:00Z,28.2,127.3,2018,7,80,962,WP,PRAPIROON
2018179N19134,2018-07-02T09:00:00Z,28.8225,127.53,2018,7,80,962,WP,PRAPIROON
2018179N19134,2018-07-02T12:00:00Z,29.5,127.775,2018,7,80,962,WP,PRAPIROON
2018179N19134,2018-07-02T15:00:00Z,30.1287,127.806,2018,7,80,961,WP,PRAPIROON
2018179N19134,2018-07-02T18:00:00Z,30.75,127.85,2018,7,80,960,WP,PRAPIROON
2018179N19134,2018-07-02T21:00:00Z,31.3893,127.965,2018,7,77,961,WP,PRAPIROON
2018179N19134,2018-07-03T00:00:00Z,32,128.175,2018,7,75,963,WP,PRAPIROON
2018179N19134,2018-07-03T03:00:00Z,32.643,128.468,2018,7,72,964,WP,PRAPIROON
2018179N19134,2018-07-03T06:00:00Z,33.225,128.8,2018,7,70,966,WP,PRAPIROON
2018179N19134,2018-07-03T09:00:00Z,33.8153,129.185,2018,7,65,968,WP,PRAPIROON
2018184N10147,2018-07-10T09:00:00Z,25.0209,124.775,2018,7,97,951,WP,MARIA
2018184N10147,2018-07-10T12:00:00Z,25.275,124.025,2018,7,95,953,WP,MARIA
2018184N10147,2018-07-10T15:00:00Z,25.6448,123.265,2018,7,95,952,WP,MARIA
2018184N10147,2018-07-10T18:00:00Z,26.15,122.275,2018,7,95,952,WP,MARIA
2018184N10147,2018-07-10T21:00:00Z,26.3402,121.069,2018,7,95,951,WP,MARIA
2018184N10147,2018-07-11T00:00:00Z,26.4,120.1,2018,7,95,951,WP,MARIA
2018204N15137,2018-07-26T12:00:00Z,23.35,140.2,2018,7,65,976,WP,JONGDARI
2018204N15137,2018-07-26T15:00:00Z,23.632,140.614,2018,7,70,971,WP,JONGDARI
2018204N15137,2018-07-26T18:00:00Z,23.975,141.075,2018,7,75,967,WP,JONGDARI
2018204N15137,2018-07-26T21:00:00Z,24.4025,141.695,2018,7,80,962,WP,JONGDARI
2018204N15137,2018-07-27T00:00:00Z,24.95,142.4,2018,7,85,958,WP,JONGDARI
2018204N15137,2018-07-27T03:00:00Z,25.6121,143.14,2018,7,87,955,WP,JONGDARI
2018204N15137,2018-07-27T06:00:00Z,26.425,143.775,2018,7,90,952,WP,JONGDARI
2018204N15137,2018-07-27T09:00:00Z,27.2786,144.334,2018,7,90,952,WP,JONGDARI
2018204N15137,2018-07-27T12:00:00Z,28.25,144.6,2018,7,90,952,WP,JONGDARI
2018204N15137,2018-07-27T15:00:00Z,29.3064,144.606,2018,7,90,951,WP,JONGDARI
2018204N15137,2018-07-27T18:00:00Z,30.35,144.25,2018,7,90,950,WP,JONGDARI
2018204N15137,2018-07-27T21:00:00Z,31.3309,143.788,2018,7,87,952,WP,JONGDARI
2018204N15137,2018-07-28T00:00:00Z,32.3,142.975,2018,7,85,955,WP,JONGDARI
2018204N15137,2018-07-28T03:00:00Z,33.214,141.834,2018,7,82,957,WP,JONGDARI
2018204N15137,2018-07-28T06:00:00Z,33.825,140.55,2018,7,80,960,WP,JONGDARI
2018204N15137,2018-07-28T09:00:00Z,34.0156,139.398,2018,7,75,963,WP,JONGDARI
2018204N15137,2018-07-28T12:00:00Z,34.175,138.3,2018,7,70,966,WP,JONGDARI
2018204N15137,2018-07-28T15:00:00Z,34.4935,137.131,2018,7,65,969,WP,JONGDARI
2018214N19153,2018-08-04T06:00:00Z,20.9,148.725,2018,8,65,977,WP,SHANSHAN
2018214N19153,2018-08-04T09:00:00Z,21.2874,148.53,2018,8,67,975,WP,SHANSHAN
2018214N19153,2018-08-04T12:00:00Z,21.675,148.325,2018,8,70,974,WP,SHANSHAN
2018214N19153,2018-08-04T15:00:00Z,22.0976,148.003,2018,8,72,971,WP,SHANSHAN
2018214N19153,2018-08-04T18:00:00Z,22.475,147.7,2018,8,75,969,WP,SHANSHAN
2018214N19153,2018-08-04T21:00:00Z,22.703,147.512,2018,8,75,969,WP,SHANSHAN
2018214N19153,2018-08-05T00:00:00Z,22.95,147.425,2018,8,75,969,WP,SHANSHAN
2018214N19153,2018-08-05T03:00:00Z,23.3862,147.446,2018,8,75,968,WP,SHANSHAN
2018214N19153,2018-08-05T06:00:00Z,23.875,147.475,2018,8,75,968,WP,SHANSHAN
2018214N19153,2018-08-05T09:00:00Z,24.2874,147.409,2018,8,75,967,WP,SHANSHAN
2018214N19153,2018-08-05T12:00:00Z,24.7,147.25,2018,8,75,967,WP,SHANSHAN
2018214N19153,2018-08-05T15:00:00Z,25.1551,146.981,2018,8,75,967,WP,SHANSHAN
2018214N19153,2018-08-05T18:00:00Z,25.625,146.675,2018,8,75,967,WP,SHANSHAN
2018214N19153,2018-08-05T21:00:00Z,26.0837,146.409,2018,8,72,967,WP,SHANSHAN
2018214N19153,2018-08-06T00:00:00Z,26.55,146.2,2018,8,70,967,WP,SHANSHAN
2018214N19153,2018-08-06T03:00:00Z,27.0299,146.09,2018,8,70,967,WP,SHANSHAN
2018214N19153,2018-08-06T06:00:00Z,27.525,146,2018,8,70,967,WP,SHANSHAN
2018214N19153,2018-08-06T09:00:00Z,28.0243,145.86,2018,8,67,968,WP,SHANSHAN
2018214N19153,2018-08-06T12:00:00Z,28.55,145.65,2018,8,65,970,WP,SHANSHAN
2018214N19153,2018-08-06T15:00:00Z,29.1457,145.339,2018,8,65,970,WP,SHANSHAN
2018214N19153,2018-08-06T18:00:00Z,29.7,144.975,2018,8,65,970,WP,SHANSHAN
2018214N19153,2018-08-06T21:00:00Z,30.1013,144.602,2018,8,70,965,WP,SHANSHAN
2018214N19153,2018-08-07T00:00:00Z,30.45,144.275,2018,8,75,961,WP,SHANSHAN
2018214N19153,2018-08-07T03:00:00Z,30.8497,144.091,2018,8,80,957,WP,SHANSHAN
2018214N19153,2018-08-07T06:00:00Z,31.25,143.9,2018,8,85,953,WP,SHANSHAN
2018214N19153,2018-08-07T09:00:00Z,31.6438,143.563,2018,8,82,954,WP,SHANSHAN
2018214N19153,2018-08-07T12:00:00Z,32,143.15,2018,8,80,956,WP,SHANSHAN
2018214N19153,2018-08-07T15:00:00Z,32.2734,142.684,2018,8,80,956,WP,SHANSHAN
2018214N19153,2018-08-07T18:00:00Z,32.55,142.275,2018,8,80,956,WP,SHANSHAN
2018214N19153,2018-08-07T21:00:00Z,32.9478,142.078,2018,8,80,956,WP,SHANSHAN
2018214N19153,2018-08-08T00:00:00Z,33.325,141.9,2018,8,80,957,WP,SHANSHAN
2018214N19153,2018-08-08T03:00:00Z,33.554,141.526,2018,8,77,959,WP,SHANSHAN
2018214N19153,2018-08-08T06:00:00Z,33.8,141.225,2018,8,75,962,WP,SHANSHAN
2018214N19153,2018-08-08T09:00:00Z,34.1186,141.238,2018,8,72,964,WP,SHANSHAN
2018214N19153,2018-08-08T12:00:00Z,34.5,141.275,2018,8,70,967,WP,SHANSHAN
2018214N19153,2018-08-08T15:00:00Z,34.8619,141.163,2018,8,65,970,WP,SHANSHAN
2018222N16147,2018-08-12T12:00:00Z,23.525,141.425,2018,8,65,983,WP,LEEPI
2018222N16147,2018-08-12T15:00:00Z,24.0032,141.017,2018,8,65,982,WP,LEEPI
2018222N16147,2018-08-12T18:00:00Z,24.5,140.575,2018,8,65,982,WP,LEEPI
2018227N11145,2018-08-17T00:00:00Z,21.575,140.825,2018,8,65,979,WP,SOULIK
2018227N11145,2018-08-17T03:00:00Z,22.3256,140.581,2018,8,70,975,WP,SOULIK
2018227N11145,2018-08-17T06:00:00Z,22.975,140.375,2018,8,75,971,WP,SOULIK
2018227N11145,2018-08-17T09:00:00Z,23.4443,140.199,2018,8,77,969,WP,SOULIK
2018227N11145,2018-08-17T12:00:00Z,23.775,140.075,2018,8,80,967,WP,SOULIK
2018227N11145,2018-08-17T15:00:00Z,24.05,139.999,2018,8,85,962,WP,SOULIK
2018227N11145,2018-08-17T18:00:00Z,24.25,139.975,2018,8,90,958,WP,SOULIK
2018227N11145,2018-08-17T21:00:00Z,24.4187,139.991,2018,8,92,955,WP,SOULIK
2018227N11145,2018-08-18T00:00:00Z,24.55,140.025,2018,8,95,952,WP,SOULIK
2018227N11145,2018-08-18T12:00:00Z,24.875,139.925,2018,8,95,950,WP,SOULIK
2018227N11145,2018-08-18T15:00:00Z,24.9268,139.821,2018,8,92,952,WP,SOULIK
2018227N11145,2018-08-18T18:00:00Z,24.975,139.65,2018,8,90,954,WP,SOULIK
2018227N11145,2018-08-18T21:00:00Z,25.0164,139.376,2018,8,90,954,WP,SOULIK
2018227N11145,2018-08-19T00:00:00Z,25.05,139.075,2018,8,90,955,WP,SOULIK
2018227N11145,2018-08-19T03:00:00Z,25.0674,138.85,2018,8,87,956,WP,SOULIK
2018227N11145,2018-08-19T06:00:00Z,25.1,138.625,2018,8,85,958,WP,SOULIK
2018227N11145,2018-08-19T09:00:00Z,25.1686,138.364,2018,8,82,960,WP,SOULIK
2018227N11145,2018-08-19T12:00:00Z,25.275,138.05,2018,8,80,962,WP,SOULIK
2018227N11145,2018-08-19T15:00:00Z,25.4213,137.667,2018,8,85,958,WP,SOULIK
2018227N11145,2018-08-19T18:00:00Z,25.575,137.25,2018,8,90,955,WP,SOULIK
2018227N11145,2018-08-19T21:00:00Z,25.6873,136.859,2018,8,92,953,WP,SOULIK
2018227N11145,2018-08-20T00:00:00Z,25.8,136.45,2018,8,95,951,WP,SOULIK
2018227N11145,2018-08-20T03:00:00Z,25.9423,136.01,2018,8,97,948,WP,SOULIK
2018227N11145,2018-08-21T03:00:00Z,28.023,131.618,2018,8,97,947,WP,SOULIK
2018227N11145,2018-08-21T06:00:00Z,28.4,130.975,2018,8,95,949,WP,SOULIK
2018227N11145,2018-08-21T09:00:00Z,28.7661,130.396,2018,8,92,950,WP,SOULIK
2018227N11145,2018-08-21T12:00:00Z,29.025,129.8,2018,8,90,952,WP,SOULIK
2018227N11145,2018-08-21T15:00:00Z,29.4268,129.226,2018,8,92,950,WP,SOULIK
2018227N11145,2018-08-21T18:00:00Z,29.775,128.65,2018,8,95,948,WP,SOULIK
2018227N11145,2018-08-21T21:00:00Z,30.1017,128.131,2018,8,92,950,WP,SOULIK
2018227N11145,2018-08-22T00:00:00Z,30.4,127.625,2018,8,90,952,WP,SOULIK
2018227N11145,2018-08-22T03:00:00Z,30.7243,127.194,2018,8,87,953,WP,SOULIK
2018227N11145,2018-08-22T06:00:00Z,31.125,126.8,2018,8,85,955,WP,SOULIK
2018227N11145,2018-08-22T09:00:00Z,31.5411,126.46,2018,8,82,957,WP,SOULIK
2018227N11145,2018-08-22T12:00:00Z,31.925,126.15,2018,8,80,960,WP,SOULIK
2018227N11145,2018-08-22T15:00:00Z,32.2676,125.835,2018,8,77,962,WP,SOULIK
2018227N11145,2018-08-22T18:00:00Z,32.575,125.6,2018,8,75,964,WP,SOULIK
2018227N11145,2018-08-22T21:00:00Z,32.8374,125.481,2018,8,70,966,WP,SOULIK
2018227N11145,2018-08-23T00:00:00Z,33.1,125.475,2018,8,65,968,WP,SOULIK
2018229N11160,2018-08-21T00:00:00Z,20.1,145.05,2018,8,75,972,WP,CIMARON
2018229N11160,2018-08-21T03:00:00Z,20.6644,144.578,2018,8,80,968,WP,CIMARON
2018229N11160,2018-08-21T06:00:00Z,21.2,144.1,2018,8,85,964,WP,CIMARON
2018229N11160,2018-08-21T09:00:00Z,21.5569,143.46,2018,8,87,961,WP,CIMARON
2018229N11160,2018-08-21T12:00:00Z,21.925,142.75,2018,8,90,959,WP,CIMARON
2018229N11160,2018-08-21T15:00:00Z,22.4842,142.041,2018,8,95,954,WP,CIMARON
2018229N11160,2018-08-22T15:00:00Z,27.5995,136.579,2018,8,95,951,WP,CIMARON
2018229N11160,2018-08-22T18:00:00Z,28.375,135.9,2018,8,90,955,WP,CIMARON
2018229N11160,2018-08-22T21:00:00Z,29.1184,135.406,2018,8,85,957,WP,CIMARON
2018229N11160,2018-08-23T00:00:00Z,29.95,135.025,2018,8,80,960,WP,CIMARON
2018229N11160,2018-08-23T03:00:00Z,30.9263,134.643,2018,8,77,961,WP,CIMARON
2018229N11160,2018-08-23T06:00:00Z,31.825,134.4,2018,8,75,962,WP,CIMARON
2018229N11160,2018-08-23T09:00:00Z,32.708,134.395,2018,8,72,962,WP,CIMARON
2018229N11160,2018-08-23T12:00:00Z,33.7,134.55,2018,8,70,963,WP,CIMARON
2018229N11160,2018-08-23T14:00:00Z,34.5549,134.645,2018,8,64,965,WP,CIMARON
2018239N11161,2018-09-04T02:00:00Z,33.2722,134.301,2018,9,93,949,WP,JEBI
2018239N11161,2018-09-04T03:00:00Z,33.7833,134.593,2018,9,90,952,WP,JEBI
2018239N11161,2018-09-04T04:00:00Z,34.3147,134.901,2018,9,86,956,WP,JEBI
2018239N11161,2018-09-04T06:00:00Z,35.4933,135.62,2018,9,80,963,WP,JEBI
2018239N11161,2018-09-04T09:00:00Z,37.259,136.574,2018,9,70,970,WP,JEBI
2018263N12146,2018-09-26T06:00:00Z,20.95,129.2,2018,9,95,952,WP,TRAMI
2018263N12146,2018-09-26T09:00:00Z,21.1237,129.217,2018,9,92,953,WP,TRAMI
2018263N12146,2018-09-26T12:00:00Z,21.275,129.2,2018,9,90,954,WP,TRAMI
2018263N12146,2018-09-26T15:00:00Z,21.365,129.191,2018,9,90,953,WP,TRAMI
2018263N12146,2018-09-26T18:00:00Z,21.425,129.175,2018,9,90,953,WP,TRAMI
2018263N12146,2018-09-26T21:00:00Z,21.4894,129.156,2018,9,90,954,WP,TRAMI
2018263N12146,2018-09-27T00:00:00Z,21.55,129.125,2018,9,90,955,WP,TRAMI
2018263N12146,2018-09-27T03:00:00Z,21.605,129.088,2018,9,90,953,WP,TRAMI
2018263N12146,2018-09-27T06:00:00Z,21.675,129.025,2018,9,90,952,WP,TRAMI
2018263N12146,2018-09-27T09:00:00Z,21.7706,128.933,2018,9,90,951,WP,TRAMI
2018263N12146,2018-09-27T12:00:00Z,21.9,128.8,2018,9,90,951,WP,TRAMI
2018263N12146,2018-09-27T15:00:00Z,22.0712,128.635,2018,9,90,952,WP,TRAMI
2018263N12146,2018-09-27T18:00:00Z,22.25,128.425,2018,9,90,953,WP,TRAMI
2018263N12146,2018-09-27T21:00:00Z,22.3686,128.185,2018,9,92,952,WP,TRAMI
2018263N12146,2018-09-28T00:00:00Z,22.525,127.9,2018,9,95,951,WP,TRAMI
2018263N12146,2018-09-28T03:00:00Z,22.7881,127.578,2018,9,95,950,WP,TRAMI
2018263N12146,2018-09-28T06:00:00Z,23.1,127.35,2018,9,95,949,WP,TRAMI
2018263N12146,2018-09-28T09:00:00Z,23.4494,127.16,2018,9,95,949,WP,TRAMI
2018263N12146,2018-09-28T12:00:00Z,23.8,126.95,2018,9,95,949,WP,TRAMI
2018263N12146,2018-09-28T15:00:00Z,24.1694,126.838,2018,9,95,950,WP,TRAMI
2018263N12146,2018-09-28T18:00:00Z,24.575,126.75,2018,9,95,951,WP,TRAMI
2018263N12146,2018-09-28T21:00:00Z,24.9887,126.716,2018,9,92,952,WP,TRAMI
2018263N12146,2018-09-29T00:00:00Z,25.4,126.8,2018,9,90,954,WP,TRAMI
2018263N12146,2018-09-29T03:00:00Z,25.8912,126.969,2018,9,90,953,WP,TRAMI
2018263N12146,2018-09-29T06:00:00Z,26.425,127.375,2018,9,90,952,WP,TRAMI
2018263N12146,2018-09-29T09:00:00Z,27.0813,127.861,2018,9,90,952,WP,TRAMI
2018263N12146,2018-09-29T12:00:00Z,27.8,128.375,2018,9,90,953,WP,TRAMI
2018263N12146,2018-09-29T15:00:00Z,28.4513,128.844,2018,9,87,955,WP,TRAMI
2018263N12146,2018-09-29T18:00:00Z,29.125,129.425,2018,9,85,957,WP,TRAMI
2018263N12146,2018-09-29T21:00:00Z,29.7878,130.124,2018,9,82,958,WP,TRAMI
2018263N12146,2018-09-30T00:00:00Z,30.525,131,2018,9,80,959,WP,TRAMI
2018263N12146,2018-09-30T03:00:00Z,31.4024,131.927,2018,9,77,959,WP,TRAMI
2018263N12146,2018-09-30T06:00:00Z,32.275,133.025,2018,9,75,960,WP,TRAMI
2018263N12146,2018-09-30T09:00:00Z,33.1605,134.363,2018,9,72,959,WP,TRAMI
2018263N12146,2018-09-30T11:00:00Z,33.8252,135.444,2018,9,70,959,WP,TRAMI
2018263N12146,2018-09-30T12:00:00Z,34.2533,136,2018,9,70,959,WP,TRAMI
2018263N12146,2018-09-30T15:00:00Z,35.732,137.99,2018,9,65,961,WP,TRAMI
2018271N06154,2018-10-03T06:00:00Z,20.825,129.175,2018,10,95,958,WP,KONG-REY
2018271N06154,2018-10-03T09:00:00Z,21.2011,128.97,2018,10,90,961,WP,KONG-REY
2018271N06154,2018-10-03T12:00:00Z,21.6,128.75,2018,10,85,964,WP,KONG-REY
2018271N06154,2018-10-03T15:00:00Z,22.0395,128.427,2018,10,80,967,WP,KONG-REY
2018271N06154,2018-10-03T18:00:00Z,22.475,128.1,2018,10,75,970,WP,KONG-REY
2018271N06154,2018-10-03T21:00:00Z,22.8236,127.869,2018,10,72,973,WP,KONG-REY
2018271N06154,2018-10-04T00:00:00Z,23.225,127.65,2018,10,70,977,WP,KONG-REY
2018271N06154,2018-10-04T03:00:00Z,23.7975,127.375,2018,10,67,975,WP,KONG-REY
2018271N06154,2018-10-04T06:00:00Z,24.375,127.1,2018,10,65,973,WP,KONG-REY
2018271N06154,2018-10-04T09:00:00Z,24.9049,126.876,2018,10,65,973,WP,KONG-REY
2018271N06154,2018-10-04T12:00:00Z,25.425,126.65,2018,10,65,974,WP,KONG-REY
2018271N06154,2018-10-04T15:00:00Z,26.1032,126.353,2018,10,65,975,WP,KONG-REY
2018271N06154,2018-10-04T18:00:00Z,26.725,126.075,2018,10,65,976,WP,KONG-REY
2018271N06154,2018-10-05T12:00:00Z,31.375,125.975,2018,10,65,975,WP,KONG-REY
2018271N06154,2018-10-05T15:00:00Z,32.1225,126.153,2018,10,65,975,WP,KONG-REY
2018271N06154,2018-10-05T18:00:00Z,32.825,126.575,2018,10,65,976,WP,KONG-REY
2019213N17155,2019-08-05T06:00:00Z,30.775,134.525,2019,8,65,978,WP,FRANCISCO
2019213N17155,2019-08-05T09:00:00Z,30.9761,133.734,2019,8,67,976,WP,FRANCISCO
2019213N17155,2019-08-05T12:00:00Z,31.2,133,2019,8,70,974,WP,FRANCISCO
2019213N17155,2019-08-05T15:00:00Z,31.4245,132.393,2019,8,75,970,WP,FRANCISCO
2019213N17155,2019-08-05T18:00:00Z,31.775,131.85,2019,8,80,966,WP,FRANCISCO
2019213N17155,2019-08-05T20:00:00Z,32.0448,131.446,2019,8,74,969,WP,FRANCISCO
2019213N17155,2019-08-05T21:00:00Z,32.2344,131.246,2019,8,72,971,WP,FRANCISCO
2019213N17155,2019-08-06T00:00:00Z,32.85,130.65,2019,8,65,976,WP,FRANCISCO
2019214N15134,2019-08-06T21:00:00Z,20.0562,128.238,2019,8,75,966,WP,LEKIMA
2019214N15134,2019-08-07T00:00:00Z,20.45,128.1,2019,8,80,963,WP,LEKIMA
2019214N15134,2019-08-07T03:00:00Z,20.7074,127.919,2019,8,85,959,WP,LEKIMA
2019214N15134,2019-08-07T06:00:00Z,20.95,127.675,2019,8,90,955,WP,LEKIMA
2019214N15134,2019-08-09T15:00:00Z,27.9063,121.689,2019,8,95,935,WP,LEKIMA
2019214N15134,2019-08-09T18:00:00Z,28.325,121.375,2019,8,90,939,WP,LEKIMA
2019214N15134,2019-08-09T21:00:00Z,28.6943,121.064,2019,8,82,946,WP,LEKIMA
2019214N15134,2019-08-10T00:00:00Z,29.075,120.825,2019,8,75,953,WP,LEKIMA
2019214N15134,2019-08-10T03:00:00Z,29.5413,120.579,2019,8,67,959,WP,LEKIMA
2019216N16147,2019-08-07T00:00:00Z,20.55,141.7,2019,8,65,975,WP,KROSA
2019216N16147,2019-08-07T03:00:00Z,20.8643,141.521,2019,8,70,972,WP,KROSA
2019216N16147,2019-08-07T06:00:00Z,21.1,141.35,2019,8,75,969,WP,KROSA
2019216N16147,2019-08-07T09:00:00Z,21.2975,141.166,2019,8,75,968,WP,KROSA
2019216N16147,2019-08-07T12:00:00Z,21.45,141,2019,8,75,968,WP,KROSA
2019216N16147,2019-08-07T15:00:00Z,21.5843,140.88,2019,8,77,965,WP,KROSA
2019216N16147,2019-08-07T18:00:00Z,21.7,140.775,2019,8,80,962,WP,KROSA
2019216N16147,2019-08-07T21:00:00Z,21.82,140.631,2019,8,85,958,WP,KROSA
2019216N16147,2019-08-08T00:00:00Z,21.925,140.525,2019,8,90,955,WP,KROSA
2019216N16147,2019-08-08T03:00:00Z,22.0169,140.509,2019,8,95,950,WP,KROSA
2019216N16147,2019-08-08T15:00:00Z,22.0625,140.825,2019,8,97,946,WP,KROSA
2019216N16147,2019-08-08T18:00:00Z,22.05,140.975,2019,8,95,948,WP,KROSA
2019216N16147,2019-08-08T21:00:00Z,22.0462,141.047,2019,8,95,948,WP,KROSA
2019216N16147,2019-08-09T00:00:00Z,22.05,141.1,2019,8,95,948,WP,KROSA
2019216N16147,2019-08-09T03:00:00Z,22.0513,141.186,2019,8,92,950,WP,KROSA
2019216N16147,2019-08-09T06:00:00Z,22.075,141.275,2019,8,90,953,WP,KROSA
2019216N16147,2019-08-09T09:00:00Z,22.1425,141.363,2019,8,87,955,WP,KROSA
2019216N16147,2019-08-09T12:00:00Z,22.225,141.425,2019,8,85,957,WP,KROSA
2019216N16147,2019-08-09T15:00:00Z,22.2744,141.44,2019,8,80,961,WP,KROSA
2019216N16147,2019-08-09T18:00:00Z,22.35,141.425,2019,8,75,965,WP,KROSA
2019216N16147,2019-08-09T21:00:00Z,22.5068,141.426,2019,8,72,965,WP,KROSA
2019216N16147,2019-08-10T00:00:00Z,22.675,141.375,2019,8,70,966,WP,KROSA
2019216N16147,2019-08-10T03:00:00Z,22.8032,141.221,2019,8,67,968,WP,KROSA
2019216N16147,2019-08-10T06:00:00Z,22.875,141.025,2019,8,65,970,WP,KROSA
2019242N14180,2019-09-06T06:00:00Z,23.725,149.975,2019,9,65,984,WP,FAXAI
2019242N14180,2019-09-06T09:00:00Z,24.193,149.044,2019,9,65,984,WP,FAXAI
2019242N14180,2019-09-06T12:00:00Z,24.65,148.125,2019,9,65,984,WP,FAXAI
2019242N14180,2019-09-06T15:00:00Z,25.1544,147.275,2019,9,67,981,WP,FAXAI
2019242N14180,2019-09-06T18:00:00Z,25.675,146.475,2019,9,70,979,WP,FAXAI
2019242N14180,2019-09-06T21:00:00Z,26.1721,145.717,2019,9,77,973,WP,FAXAI
2019242N14180,2019-09-07T00:00:00Z,26.7,144.95,2019,9,85,968,WP,FAXAI
2019242N14180,2019-09-07T03:00:00Z,27.3018,144.098,2019,9,92,962,WP,FAXAI
2019242N14180,2019-09-08T15:00:00Z,34.7235,139.293,2019,9,95,955,WP,FAXAI
2019242N14180,2019-09-08T17:00:00Z,35.1308,139.55,2019,9,91,957,WP,FAXAI
2019242N14180,2019-09-08T18:00:00Z,35.325,139.725,2019,9,90,958,WP,FAXAI
2019242N14180,2019-09-08T19:00:00Z,35.5066,139.905,2019,9,87,962,WP,FAXAI
2019242N14180,2019-09-08T21:00:00Z,35.8506,140.306,2019,9,82,970,WP,FAXAI
2019242N14180,2019-09-09T00:00:00Z,36.325,140.975,2019,9,75,982,WP,FAXAI
2019242N14180,2019-09-09T03:00:00Z,36.8208,141.685,2019,9,70,981,WP,FAXAI
2019242N14180,2019-09-09T06:00:00Z,37.325,142.475,2019,9,65,980,WP,FAXAI
2019243N06136,2019-09-03T06:00:00Z,20.65,124.025,2019,9,65,983,WP,LINGLING
2019243N06136,2019-09-03T09:00:00Z,21.0031,124.112,2019,9,67,981,WP,LINGLING
2019243N06136,2019-09-03T12:00:00Z,21.3,124.2,2019,9,70,979,WP,LINGLING
2019243N06136,2019-09-03T15:00:00Z,21.5637,124.255,2019,9,70,979,WP,LINGLING
2019243N06136,2019-09-03T18:00:00Z,21.775,124.325,2019,9,70,979,WP,LINGLING
2019243N06136,2019-09-03T21:00:00Z,21.9362,124.44,2019,9,75,975,WP,LINGLING
2019243N06136,2019-09-04T00:00:00Z,22.075,124.6,2019,9,80,971,WP,LINGLING
2019243N06136,2019-09-04T03:00:00Z,22.2169,124.807,2019,9,82,968,WP,LINGLING
2019243N06136,2019-09-04T06:00:00Z,22.4,125.025,2019,9,85,965,WP,LINGLING
2019243N06136,2019-09-04T09:00:00Z,22.6613,125.23,2019,9,87,963,WP,LINGLING
2019243N06136,2019-09-04T12:00:00Z,22.975,125.375,2019,9,90,961,WP,LINGLING
2019243N06136,2019-09-04T15:00:00Z,23.3,125.424,2019,9,97,954,WP,LINGLING
2019243N06136,2019-09-06T15:00:00Z,32.3932,125.07,2019,9,95,947,WP,LINGLING
2019243N06136,2019-09-06T18:00:00Z,33.525,125,2019,9,90,951,WP,LINGLING
2019243N06136,2019-09-06T21:00:00Z,34.5981,124.889,2019,9,82,956,WP,LINGLING
2019243N06136,2019-09-07T00:00:00Z,35.675,124.85,2019,9,75,962,WP,LINGLING
2019243N06136,2019-09-07T03:00:00Z,36.7291,124.944,2019,9,70,965,WP,LINGLING
2019243N06136,2019-09-07T06:00:00Z,37.9,125.225,2019,9,65,969,WP,LINGLING
2019260N20129,2019-09-21T06:00:00Z,27.375,125.6,2019,9,65,969,WP,TAPAH
2019260N20129,2019-09-21T09:00:00Z,27.9162,125.595,2019,9,65,968,WP,TAPAH
2019260N20129,2019-09-21T12:00:00Z,28.45,125.65,2019,9,65,967,WP,TAPAH
2019260N20129,2019-09-21T15:00:00Z,29.01,125.818,2019,9,65,968,WP,TAPAH
2019260N20129,2019-09-21T18:00:00Z,29.6,126.075,2019,9,65,970,WP,TAPAH
2019268N10155,2019-09-29T12:00:00Z,20.225,124.825,2019,9,65,986,WP,MITAG
2019268N10155,2019-09-29T15:00:00Z,20.6123,124.293,2019,9,65,984,WP,MITAG
2019268N10155,2019-09-29T18:00:00Z,20.925,123.75,2019,9,65,983,WP,MITAG
2019268N10155,2019-09-29T21:00:00Z,21.2605,123.324,2019,9,65,983,WP,MITAG
2019268N10155,2019-09-30T00:00:00Z,21.7,123.025,2019,9,70,980,WP,MITAG
2019268N10155,2019-09-30T03:00:00Z,22.2102,122.914,2019,9,77,974,WP,MITAG
2019268N10155,2019-09-30T06:00:00Z,22.825,122.925,2019,9,85,968,WP,MITAG
2019268N10155,2019-09-30T09:00:00Z,23.6607,122.934,2019,9,87,964,WP,MITAG
2019268N10155,2019-09-30T12:00:00Z,24.6,122.9,2019,9,90,961,WP,MITAG
2019268N10155,2019-09-30T15:00:00Z,25.3845,122.688,2019,9,87,963,WP,MITAG
2019268N10155,2019-09-30T18:00:00Z,26.1,122.475,2019,9,85,966,WP,MITAG
2019268N10155,2019-09-30T21:00:00Z,26.8561,122.265,2019,9,77,971,WP,MITAG
2019268N10155,2019-10-01T00:00:00Z,27.425,122.175,2019,10,70,977,WP,MITAG
2019268N10155,2019-10-01T03:00:00Z,27.9838,122.21,2019,10,67,978,WP,MITAG
2019268N10155,2019-10-01T06:00:00Z,28.65,122.225,2019,10,65,980,WP,MITAG
2019278N16165,2019-10-11T21:00:00Z,31.398,137.096,2019,10,97,945,WP,HAGIBIS
2019278N16165,2019-10-12T00:00:00Z,32.075,137.375,2019,10,95,948,WP,HAGIBIS
2019278N16165,2019-10-12T03:00:00Z,32.843,137.695,2019,10,90,949,WP,HAGIBIS
2019278N16165,2019-10-12T06:00:00Z,33.7,138.2,2019,10,85,951,WP,HAGIBIS
2019278N16165,2019-10-12T09:00:00Z,34.5656,138.675,2019,10,80,955,WP,HAGIBIS
2019278N16165,2019-10-12T12:00:00Z,35.575,139.425,2019,10,75,960,WP,HAGIBIS
2019278N16165,2019-10-12T15:00:00Z,36.8913,140.498,2019,10,70,965,WP,HAGIBIS
2019278N16165,2019-10-12T18:00:00Z,38.2,141.827,2019,10,65,970,WP,HAGIBIS
2019288N16136,2019-10-19T06:00:00Z,21.525,127.325,2019,10,65,988,WP,NEOGURI
2019288N16136,2019-10-19T09:00:00Z,21.6543,127.224,2019,10,70,984,WP,NEOGURI
2019288N16136,2019-10-19T12:00:00Z,21.825,127.25,2019,10,75,980,WP,NEOGURI
2019288N16136,2019-10-19T15:00:00Z,22.1625,127.338,2019,10,85,972,WP,NEOGURI
2019288N16136,2019-10-19T18:00:00Z,22.575,127.5,2019,10,95,964,WP,NEOGURI
2019288N16136,2019-10-19T21:00:00Z,22.9466,127.649,2019,10,92,967,WP,NEOGURI
2019288N16136,2019-10-20T00:00:00Z,23.375,127.925,2019,10,90,971,WP,NEOGURI
2019288N16136,2019-10-20T03:00:00Z,23.921,128.431,2019,10,85,973,WP,NEOGURI
2019288N16136,2019-10-20T06:00:00Z,24.5,129.025,2019,10,80,975,WP,NEOGURI
2019288N16136,2019-10-20T09:00:00Z,24.9671,129.501,2019,10,72,980,WP,NEOGURI
2019288N16136,2019-10-20T12:00:00Z,25.525,130.025,2019,10,65,985,WP,NEOGURI
2019290N08169,2019-10-24T00:00:00Z,26.8,142.075,2019,10,95,962,WP,BUALOI
2019290N08169,2019-10-24T03:00:00Z,27.5054,142.227,2019,10,92,964,WP,BUALOI
2019290N08169,2019-10-24T06:00:00Z,28.225,142.55,2019,10,90,966,WP,BUALOI
2019290N08169,2019-10-24T09:00:00Z,28.8585,143.02,2019,10,90,965,WP,BUALOI
2019290N08169,2019-10-24T12:00:00Z,29.475,143.6,2019,10,90,964,WP,BUALOI
2019290N08169,2019-10-24T15:00:00Z,30.1454,144.212,2019,10,85,968,WP,BUALOI
2019290N08169,2019-10-24T18:00:00Z,30.85,144.875,2019,10,80,973,WP,BUALOI
2019290N08169,2019-10-24T21:00:00Z,31.5662,145.538,2019,10,75,976,WP,BUALOI
2019290N08169,2019-10-25T00:00:00Z,32.3267,146.287,2019,10,70,980,WP,BUALOI
2019290N08169,2019-10-25T03:00:00Z,33.1578,147.204,2019,10,65,980,WP,BUALOI
2020213N15131,2020-08-03T03:00:00Z,25.4788,122.981,2020,8,65,980,WP,HAGUPIT
2020213N15131,2020-08-03T06:00:00Z,26.2,122.525,2020,8,70,977,WP,HAGUPIT
2020213N15131,2020-08-03T09:00:00Z,26.5543,122.124,2020,8,72,974,WP,HAGUPIT
2020213N15131,2020-08-03T12:00:00Z,26.8,121.75,2020,8,75,971,WP,HAGUPIT
2020213N15131,2020-08-03T15:00:00Z,27.2243,121.414,2020,8,75,971,WP,HAGUPIT
2020213N15131,2020-08-03T18:00:00Z,27.75,121.15,2020,8,75,971,WP,HAGUPIT
2020234N19123,2020-08-23T18:00:00Z,27.15,125.525,2020,8,65,976,WP,BAVI
2020234N19123,2020-08-23T21:00:00Z,27.2295,125.87,2020,8,67,974,WP,BAVI
2020234N19123,2020-08-24T00:00:00Z,27.35,126.175,2020,8,70,972,WP,BAVI
2020234N19123,2020-08-24T03:00:00Z,27.5618,126.435,2020,8,72,968,WP,BAVI
2020234N19123,2020-08-24T06:00:00Z,27.875,126.5,2020,8,75,964,WP,BAVI
2020234N19123,2020-08-24T09:00:00Z,28.1488,126.391,2020,8,80,960,WP,BAVI
2020234N19123,2020-08-24T12:00:00Z,28.35,126.2,2020,8,85,957,WP,BAVI
2020234N19123,2020-08-24T15:00:00Z,28.4945,126.099,2020,8,85,957,WP,BAVI
2020234N19123,2020-08-24T18:00:00Z,28.65,126,2020,8,85,957,WP,BAVI
2020234N19123,2020-08-24T21:00:00Z,28.8844,125.858,2020,8,87,955,WP,BAVI
2020234N19123,2020-08-25T00:00:00Z,29.175,125.7,2020,8,90,954,WP,BAVI
2020234N19123,2020-08-25T03:00:00Z,29.4975,125.548,2020,8,92,952,WP,BAVI
2020234N19123,2020-08-25T06:00:00Z,29.85,125.4,2020,8,95,950,WP,BAVI
2020234N19123,2020-08-25T09:00:00Z,30.2012,125.27,2020,8,95,949,WP,BAVI
2020234N19123,2020-08-25T12:00:00Z,30.575,125.125,2020,8,95,948,WP,BAVI
2020234N19123,2020-08-25T15:00:00Z,30.9707,124.921,2020,8,97,945,WP,BAVI
2020234N19123,2020-08-26T03:00:00Z,32.9106,124.406,2020,8,97,943,WP,BAVI
2020234N19123,2020-08-26T06:00:00Z,33.55,124.35,2020,8,95,945,WP,BAVI
2020234N19123,2020-08-26T09:00:00Z,34.2275,124.32,2020,8,92,947,WP,BAVI
2020234N19123,2020-08-26T12:00:00Z,35.025,124.375,2020,8,90,949,WP,BAVI
2020234N19123,2020-08-26T15:00:00Z,35.9691,124.587,2020,8,85,952,WP,BAVI
2020234N19123,2020-08-26T18:00:00Z,37.025,124.8,2020,8,80,955,WP,BAVI
2020234N19123,2020-08-26T21:00:00Z,38.0848,124.787,2020,8,72,960,WP,BAVI
2020234N19123,2020-08-27T00:00:00Z,39.24,124.807,2020,8,65,966,WP,BAVI
2020239N13134,2020-08-30T15:00:00Z,20.0637,128.912,2020,8,87,961,WP,MAYSAK
2020239N13134,2020-08-30T18:00:00Z,20.775,128.825,2020,8,90,958,WP,MAYSAK
2020239N13134,2020-08-30T21:00:00Z,21.5785,128.684,2020,8,92,955,WP,MAYSAK
2020239N13134,2020-08-31T00:00:00Z,22.45,128.45,2020,8,95,953,WP,MAYSAK
2020239N13134,2020-09-02T00:00:00Z,30.525,126.775,2020,9,95,948,WP,MAYSAK
2020239N13134,2020-09-02T03:00:00Z,31.1168,126.921,2020,9,90,951,WP,MAYSAK
2020239N13134,2020-09-02T06:00:00Z,31.7,127.125,2020,9,85,955,WP,MAYSAK
2020239N13134,2020-09-02T09:00:00Z,32.4238,127.526,2020,9,82,957,WP,MAYSAK
2020239N13134,2020-09-02T12:00:00Z,33.2,127.9,2020,9,80,960,WP,MAYSAK
2020239N13134,2020-09-02T15:00:00Z,34.1791,128.377,2020,9,77,961,WP,MAYSAK
2020239N13134,2020-09-02T18:00:00Z,35.4933,128.867,2020,9,75,963,WP,MAYSAK
2020239N13134,2020-09-02T21:00:00Z,37.1019,129.335,2020,9,65,968,WP,MAYSAK
2020244N25146,2020-09-02T21:00:00Z,20.0712,138.903,2020,9,82,974,WP,HAISHEN
2020244N25146,2020-09-03T00:00:00Z,20.2,138.425,2020,9,90,968,WP,HAISHEN
2020244N25146,2020-09-03T03:00:00Z,20.3904,137.987,2020,9,95,961,WP,HAISHEN
2020244N25146,2020-09-06T09:00:00Z,30.2207,129.743,2020,9,97,944,WP,HAISHEN
2020244N25146,2020-09-06T12:00:00Z,31.025,129.425,2020,9,95,945,WP,HAISHEN
2020244N25146,2020-09-06T15:00:00Z,31.9531,129.229,2020,9,90,948,WP,HAISHEN
2020244N25146,2020-09-06T18:00:00Z,33,129.1,2020,9,85,952,WP,HAISHEN
2020244N25146,2020-09-06T21:00:00Z,34.1726,129.115,2020,9,80,955,WP,HAISHEN
2020244N25146,2020-09-07T00:00:00Z,35.5,129.15,2020,9,75,958,WP,HAISHEN
2020244N25146,2020-09-07T03:00:00Z,36.9949,129.135,2020,9,65,965,WP,HAISHEN
2020277N21141,2020-10-07T06:00:00Z,25.75,134.775,2020,10,65,976,WP,CHAN-HOM
2020277N21141,2020-10-07T09:00:00Z,26.0981,134.246,2020,10,70,971,WP,CHAN-HOM
2020277N21141,2020-10-07T12:00:00Z,26.45,133.75,2020,10,75,967,WP,CHAN-HOM
2020277N21141,2020-10-07T15:00:00Z,26.8106,133.301,2020,10,77,965,WP,CHAN-HOM
2020277N21141,2020-10-07T18:00:00Z,27.225,132.975,2020,10,80,963,WP,CHAN-HOM
2020277N21141,2020-10-07T21:00:00Z,27.5624,132.813,2020,10,77,963,WP,CHAN-HOM
2020277N21141,2020-10-08T00:00:00Z,27.9,132.8,2020,10,75,964,WP,CHAN-HOM
2020277N21141,2020-10-08T03:00:00Z,28.2625,132.818,2020,10,75,966,WP,CHAN-HOM
2020277N21141,2020-10-08T06:00:00Z,28.675,132.9,2020,10,75,968,WP,CHAN-HOM
2020277N21141,2020-10-08T09:00:00Z,29.047,133.071,2020,10,77,966,WP,CHAN-HOM
2020277N21141,2020-10-08T12:00:00Z,29.375,133.275,2020,10,80,965,WP,CHAN-HOM
2020277N21141,2020-10-08T15:00:00Z,29.7187,133.367,2020,10,80,965,WP,CHAN-HOM
2020277N21141,2020-10-08T18:00:00Z,29.975,133.4,2020,10,80,965,WP,CHAN-HOM
2020277N21141,2020-10-08T21:00:00Z,30.1544,133.438,2020,10,77,966,WP,CHAN-HOM
2020277N21141,2020-10-09T00:00:00Z,30.3,133.45,2020,10,75,967,WP,CHAN-HOM
2020277N21141,2020-10-09T03:00:00Z,30.4643,133.483,2020,10,72,969,WP,CHAN-HOM
2020277N21141,2020-10-09T06:00:00Z,30.6,133.575,2020,10,70,971,WP,CHAN-HOM
2020277N21141,2020-10-09T09:00:00Z,30.7674,133.766,2020,10,65,976,WP,CHAN-HOM
2021171N09152,2021-06-25T06:00:00Z,21.975,139.125,2021,6,65,987,WP,CHAMPI
2021171N09152,2021-06-25T09:00:00Z,22.4144,139.153,2021,6,65,987,WP,CHAMPI
2021171N09152,2021-06-25T12:00:00Z,22.85,139.2,2021,6,65,988,WP,CHAMPI
2021197N17135,2021-07-20T06:00:00Z,24.675,129.775,2021,7,65,973,WP,IN-FA
2021197N17135,2021-07-20T09:00:00Z,24.6317,129.364,2021,7,72,969,WP,IN-FA
2021197N17135,2021-07-20T12:00:00Z,24.5,128.975,2021,7,80,965,WP,IN-FA
2021197N17135,2021-07-20T15:00:00Z,24.3157,128.511,2021,7,82,964,WP,IN-FA
2021197N17135,2021-07-20T18:00:00Z,24.15,128.2,2021,7,85,963,WP,IN-FA
2021197N17135,2021-07-20T21:00:00Z,24.1129,128.019,2021,7,90,958,WP,IN-FA
2021197N17135,2021-07-21T00:00:00Z,24.125,127.875,2021,7,95,953,WP,IN-FA
2021197N17135,2021-07-21T03:00:00Z,24.1738,127.565,2021,7,95,952,WP,IN-FA
2021197N17135,2021-07-21T06:00:00Z,24.2,127.2,2021,7,95,952,WP,IN-FA
2021197N17135,2021-07-21T09:00:00Z,24.135,126.885,2021,7,95,951,WP,IN-FA
2021197N17135,2021-07-21T12:00:00Z,23.975,126.6,2021,7,95,951,WP,IN-FA
2021197N17135,2021-07-21T15:00:00Z,23.8106,126.378,2021,7,92,952,WP,IN-FA
2021197N17135,2021-07-21T18:00:00Z,23.675,126.2,2021,7,90,954,WP,IN-FA
2021197N17135,2021-07-21T21:00:00Z,23.5312,126.058,2021,7,90,954,WP,IN-FA
2021197N17135,2021-07-22T00:00:00Z,23.425,126,2021,7,90,954,WP,IN-FA
2021197N17135,2021-07-22T03:00:00Z,23.4456,125.934,2021,7,87,955,WP,IN-FA
2021197N17135,2021-07-22T06:00:00Z,23.5,125.875,2021,7,85,957,WP,IN-FA
2021197N17135,2021-07-22T09:00:00Z,23.5337,125.833,2021,7,82,958,WP,IN-FA
2021197N17135,2021-07-22T12:00:00Z,23.6,125.775,2021,7,80,959,WP,IN-FA
2021197N17135,2021-07-22T15:00:00Z,23.64,125.662,2021,7,77,960,WP,IN-FA
2021197N17135,2021-07-22T18:00:00Z,23.7,125.525,2021,7,75,961,WP,IN-FA
2021197N17135,2021-07-22T21:00:00Z,23.8993,125.481,2021,7,75,961,WP,IN-FA
2021197N17135,2021-07-23T00:00:00Z,24.225,125.4,2021,7,75,961,WP,IN-FA
2021197N17135,2021-07-23T03:00:00Z,24.4132,125.246,2021,7,72,960,WP,IN-FA
2021197N17135,2021-07-23T06:00:00Z,24.55,125.075,2021,7,70,959,WP,IN-FA
2021197N17135,2021-07-23T09:00:00Z,24.6562,125.035,2021,7,65,962,WP,IN-FA
2021197N17135,2021-07-23T18:00:00Z,25.475,124.95,2021,7,65,961,WP,IN-FA
2021197N17135,2021-07-23T21:00:00Z,25.9406,124.842,2021,7,67,960,WP,IN-FA
2021197N17135,2021-07-24T00:00:00Z,26.425,124.675,2021,7,70,960,WP,IN-FA
2021197N17135,2021-07-24T03:00:00Z,26.825,124.489,2021,7,70,959,WP,IN-FA
2021197N17135,2021-07-24T06:00:00Z,27.225,124.325,2021,7,70,958,WP,IN-FA
2021197N17135,2021-07-24T09:00:00Z,27.6112,124.155,2021,7,70,958,WP,IN-FA
2021197N17135,2021-07-24T12:00:00Z,28.025,124.025,2021,7,70,959,WP,IN-FA
2021197N17135,2021-07-24T15:00:00Z,28.3314,123.9,2021,7,65,962,WP,IN-FA
2021248N12141,2021-09-12T12:00:00Z,26.25,122.65,2021,9,95,949,WP,CHANTHU
2021248N12141,2021-09-12T15:00:00Z,26.8712,122.87,2021,9,92,951,WP,CHANTHU
2021248N12141,2021-09-12T18:00:00Z,27.625,123.075,2021,9,90,953,WP,CHANTHU
2021248N12141,2021-09-12T21:00:00Z,28.3226,123.345,2021,9,87,956,WP,CHANTHU
2021248N12141,2021-09-13T00:00:00Z,29.075,123.55,2021,9,85,959,WP,CHANTHU
2021248N12141,2021-09-13T03:00:00Z,29.9962,123.51,2021,9,80,963,WP,CHANTHU
2021248N12141,2021-09-13T06:00:00Z,30.7,123.35,2021,9,75,968,WP,CHANTHU
2021248N12141,2021-09-13T09:00:00Z,30.8997,123.259,2021,9,70,971,WP,CHANTHU
2021248N12141,2021-09-13T12:00:00Z,30.925,123.25,2021,9,65,975,WP,CHANTHU
2021265N11150,2021-09-27T09:00:00Z,20.0519,136.5,2021,9,87,962,WP,MINDULLE
2021265N11150,2021-09-27T12:00:00Z,20.2,136.4,2021,9,85,965,WP,MINDULLE
2021265N11150,2021-09-27T15:00:00Z,20.3225,136.344,2021,9,87,963,WP,MINDULLE
2021265N11150,2021-09-27T18:00:00Z,20.475,136.3,2021,9,90,961,WP,MINDULLE
2021265N11150,2021-09-27T21:00:00Z,20.7006,136.262,2021,9,95,957,WP,MINDULLE
2021265N11150,2021-09-28T03:00:00Z,21.2826,135.98,2021,9,97,953,WP,MINDULLE
2021265N11150,2021-09-28T06:00:00Z,21.575,135.75,2021,9,95,954,WP,MINDULLE
2021265N11150,2021-09-30T03:00:00Z,27.297,136.813,2021,9,95,952,WP,MINDULLE
2021265N11150,2021-09-30T06:00:00Z,28,137.275,2021,9,90,956,WP,MINDULLE
2021265N11150,2021-09-30T09:00:00Z,28.594,137.687,2021,9,87,957,WP,MINDULLE
2021265N11150,2021-09-30T12:00:00Z,29.175,138.125,2021,9,85,958,WP,MINDULLE
2021265N11150,2021-09-30T15:00:00Z,29.7605,138.592,2021,9,85,958,WP,MINDULLE
2021265N11150,2021-09-30T18:00:00Z,30.375,139.2,2021,9,85,958,WP,MINDULLE
2021265N11150,2021-09-30T21:00:00Z,31.1442,140.098,2021,9,82,959,WP,MINDULLE
2021265N11150,2021-10-01T00:00:00Z,32,141,2021,10,80,961,WP,MINDULLE
2021265N11150,2021-10-01T03:00:00Z,32.8684,141.687,2021,10,77,962,WP,MINDULLE
2021265N11150,2021-10-01T06:00:00Z,33.75,142.35,2021,10,75,964,WP,MINDULLE
2021265N11150,2021-10-01T09:00:00Z,34.6584,143.039,2021,10,70,968,WP,MINDULLE
2021265N11150,2021-10-01T12:00:00Z,35.5467,143.907,2021,10,65,972,WP,MINDULLE
2021265N11150,2021-10-01T15:00:00Z,36.3882,144.742,2021,10,70,968,WP,MINDULLE
2021265N11150,2021-10-01T18:00:00Z,37.2769,145.608,2021,10,75,965,WP,MINDULLE
2021265N11150,2021-10-01T21:00:00Z,38.3311,146.611,2021,10,67,969,WP,MINDULLE
2021295N09145,2021-10-26T18:00:00Z,20.525,139.275,2021,10,65,984,WP,MALOU
2021295N09145,2021-10-26T21:00:00Z,20.655,139.304,2021,10,67,983,WP,MALOU
2021295N09145,2021-10-27T00:00:00Z,20.8,139.325,2021,10,70,983,WP,MALOU
2021295N09145,2021-10-27T03:00:00Z,21.015,139.373,2021,10,70,981,WP,MALOU
2021295N09145,2021-10-27T06:00:00Z,21.275,139.45,2021,10,70,980,WP,MALOU
2021295N09145,2021-10-27T09:00:00Z,21.54,139.56,2021,10,67,981,WP,MALOU
2021295N09145,2021-10-27T12:00:00Z,21.85,139.7,2021,10,65,982,WP,MALOU
2021295N09145,2021-10-27T15:00:00Z,22.2064,139.828,2021,10,67,981,WP,MALOU
2021295N09145,2021-10-27T18:00:00Z,22.625,140.025,2021,10,70,981,WP,MALOU
2021295N09145,2021-10-27T21:00:00Z,23.0881,140.333,2021,10,75,977,WP,MALOU
2021295N09145,2021-10-28T00:00:00Z,23.575,140.675,2021,10,80,974,WP,MALOU
2021295N09145,2021-10-28T03:00:00Z,24.1431,141.083,2021,10,82,971,WP,MALOU
2021295N09145,2021-10-28T06:00:00Z,24.8,141.525,2021,10,85,969,WP,MALOU
2021295N09145,2021-10-28T09:00:00Z,25.471800000000002,141.993,2021,10,82,971,WP,MALOU
2021295N09145,2021-10-28T12:00:00Z,26.3,142.475,2021,10,80,973,WP,MALOU
2021295N09145,2021-10-28T15:00:00Z,27.1148,142.94,2021,10,82,970,WP,MALOU
2021295N09145,2021-10-28T18:00:00Z,28.0067,143.453,2021,10,85,968,WP,MALOU
2021295N09145,2021-10-28T21:00:00Z,28.9536,143.981,2021,10,77,973,WP,MALOU
2021295N09145,2021-10-29T00:00:00Z,29.8462,144.6,2021,10,70,978,WP,MALOU
2021295N09145,2021-10-29T03:00:00Z,30.9456,145.523,2021,10,72,975,WP,MALOU
2021295N09145,2021-10-29T06:00:00Z,32.1,146.767,2021,10,75,973,WP,MALOU
2021295N09145,2021-10-29T09:00:00Z,33.0124,148.262,2021,10,65,979,WP,MALOU
2022234N25152,2022-08-23T06:00:00Z,30.2,149.8,2022,8,64,982,WP,TOKAGE
2022234N25152,2022-08-23T09:00:00Z,30.9226,149.385,2022,8,72,976,WP,TOKAGE
2022234N25152,2022-08-23T12:00:00Z,31.6,149,2022,8,80,971,WP,TOKAGE
2022234N25152,2022-08-23T15:00:00Z,32.3224,148.683,2022,8,84,967,WP,TOKAGE
2022234N25152,2022-08-23T18:00:00Z,33,148.5,2022,8,89,963,WP,TOKAGE
2022234N25152,2022-08-23T21:00:00Z,33.5723,148.482,2022,8,91,959,WP,TOKAGE
2022234N25152,2022-08-24T00:00:00Z,34.1,148.6,2022,8,93,956,WP,TOKAGE
2022234N25152,2022-08-24T03:00:00Z,34.6575,148.763,2022,8,91,957,WP,TOKAGE
2022234N25152,2022-08-24T06:00:00Z,35.2,149,2022,8,89,959,WP,TOKAGE
2022234N25152,2022-08-24T09:00:00Z,35.7149,149.27,2022,8,84,962,WP,TOKAGE
2022234N25152,2022-08-24T12:00:00Z,36.2,149.6,2022,8,80,965,WP,TOKAGE
2022234N25152,2022-08-24T15:00:00Z,36.6048,149.964,2022,8,77,966,WP,TOKAGE
2022240N26149,2022-08-29T03:00:00Z,27.3653,144.273,2022,8,64,984,WP,HINNAMNOR
2022240N26149,2022-08-29T06:00:00Z,27.4,143.2,2022,8,74,978,WP,HINNAMNOR
2022240N26149,2022-08-29T09:00:00Z,27.3714,142.242,2022,8,86,968,WP,HINNAMNOR
2022240N26149,2022-08-29T12:00:00Z,27.3,141.3,2022,8,99,959,WP,HINNAMNOR
2022240N26149,2022-09-02T00:00:00Z,21.5,125.4,2022,9,93,952,WP,HINNAMNOR
2022240N26149,2022-09-02T03:00:00Z,21.7425,125.273,2022,9,86,958,WP,HINNAMNOR
2022240N26149,2022-09-02T06:00:00Z,22,125.1,2022,9,80,964,WP,HINNAMNOR
2022240N26149,2022-09-02T09:00:00Z,22.1226,124.877,2022,9,80,963,WP,HINNAMNOR
2022240N26149,2022-09-02T12:00:00Z,22.2,124.7,2022,9,80,962,WP,HINNAMNOR
2022240N26149,2022-09-02T15:00:00Z,22.2625,124.67,2022,9,77,964,WP,HINNAMNOR
2022240N26149,2022-09-02T18:00:00Z,22.4,124.7,2022,9,74,967,WP,HINNAMNOR
2022240N26149,2022-09-02T21:00:00Z,22.72,124.7,2022,9,77,965,WP,HINNAMNOR
2022240N26149,2022-09-03T00:00:00Z,23.1,124.7,2022,9,80,963,WP,HINNAMNOR
2022240N26149,2022-09-03T03:00:00Z,23.3925,124.7,2022,9,82,961,WP,HINNAMNOR
2022240N26149,2022-09-03T06:00:00Z,23.7,124.7,2022,9,84,959,WP,HINNAMNOR
2022240N26149,2022-09-03T09:00:00Z,24.1,124.707,2022,9,84,957,WP,HINNAMNOR
2022240N26149,2022-09-03T12:00:00Z,24.5,124.7,2022,9,84,956,WP,HINNAMNOR
2022240N26149,2022-09-03T15:00:00Z,24.785,124.657,2022,9,86,954,WP,HINNAMNOR
2022240N26149,2022-09-03T18:00:00Z,25.1,124.6,2022,9,89,952,WP,HINNAMNOR
2022240N26149,2022-09-03T21:00:00Z,25.5775,124.535,2022,9,97,946,WP,HINNAMNOR
2022240N26149,2022-09-05T12:00:00Z,32.5,126.5,2022,9,99,943,WP,HINNAMNOR
2022240N26149,2022-09-05T15:00:00Z,33.3384,127.134,2022,9,94,947,WP,HINNAMNOR
2022240N26149,2022-09-05T18:00:00Z,34.3,128,2022,9,89,952,WP,HINNAMNOR
2022240N26149,2022-09-05T21:00:00Z,35.2872,129.179,2022,9,81,959,WP,HINNAMNOR
2022240N26149,2022-09-06T00:00:00Z,36.5,130.6,2022,9,74,967,WP,HINNAMNOR
2022240N26149,2022-09-06T03:00:00Z,38.0541,132.148,2022,9,72,968,WP,HINNAMNOR
2022240N26149,2022-09-06T06:00:00Z,39.8,133.8,2022,9,70,970,WP,HINNAMNOR
2022250N19137,2022-09-09T18:00:00Z,20.1,126.8,2022,9,64,991,WP,MUIFA
2022250N19137,2022-09-09T21:00:00Z,20.3347,126.398,2022,9,67,989,WP,MUIFA
2022250N19137,2022-09-10T00:00:00Z,20.6,126.1,2022,9,70,988,WP,MUIFA
2022250N19137,2022-09-10T03:00:00Z,20.785,125.797,2022,9,75,983,WP,MUIFA
2022250N19137,2022-09-10T06:00:00Z,21,125.6,2022,9,80,978,WP,MUIFA
2022250N19137,2022-09-10T09:00:00Z,21.3424,125.607,2022,9,82,974,WP,MUIFA
2022250N19137,2022-09-10T12:00:00Z,21.7,125.6,2022,9,84,970,WP,MUIFA
2022250N19137,2022-09-10T15:00:00Z,21.9726,125.338,2022,9,91,963,WP,MUIFA
2022250N19137,2022-09-10T18:00:00Z,22.2,125,2022,9,99,957,WP,MUIFA
2022250N19137,2022-09-11T15:00:00Z,23.55,124.307,2022,9,99,954,WP,MUIFA
2022250N19137,2022-09-11T18:00:00Z,23.8,124.3,2022,9,93,959,WP,MUIFA
2022250N19137,2022-09-11T21:00:00Z,23.9925,124.257,2022,9,88,962,WP,MUIFA
2022250N19137,2022-09-12T00:00:00Z,24.2,124.2,2022,9,84,966,WP,MUIFA
2022250N19137,2022-09-12T03:00:00Z,24.515,124.15,2022,9,82,967,WP,MUIFA
2022250N19137,2022-09-12T06:00:00Z,24.8,124.1,2022,9,80,968,WP,MUIFA
2022250N19137,2022-09-12T09:00:00Z,24.93,124.042,2022,9,82,967,WP,MUIFA
2022250N19137,2022-09-12T12:00:00Z,25,124,2022,9,84,966,WP,MUIFA
2022250N19137,2022-09-12T15:00:00Z,25.0775,123.978,2022,9,84,964,WP,MUIFA
2022250N19137,2022-09-12T18:00:00Z,25.2,124,2022,9,84,963,WP,MUIFA
2022250N19137,2022-09-12T21:00:00Z,25.435,124.107,2022,9,86,959,WP,MUIFA
2022250N19137,2022-09-13T00:00:00Z,25.7,124.2,2022,9,89,956,WP,MUIFA
2022250N19137,2022-09-13T03:00:00Z,25.885,124.18,2022,9,89,956,WP,MUIFA
2022250N19137,2022-09-13T06:00:00Z,26.1,124.1,2022,9,89,956,WP,MUIFA
2022250N19137,2022-09-13T09:00:00Z,26.4425,124.015,2022,9,89,955,WP,MUIFA
2022250N19137,2022-09-13T12:00:00Z,26.8,123.9,2022,9,89,955,WP,MUIFA
2022250N19137,2022-09-13T15:00:00Z,27.05,123.757,2022,9,86,957,WP,MUIFA
2022250N19137,2022-09-13T18:00:00Z,27.3,123.6,2022,9,84,959,WP,MUIFA
2022250N19137,2022-09-13T21:00:00Z,27.635,123.457,2022,9,84,960,WP,MUIFA
2022250N19137,2022-09-14T00:00:00Z,28,123.3,2022,9,84,962,WP,MUIFA
2022250N19137,2022-09-14T03:00:00Z,28.3125,123.115,2022,9,84,962,WP,MUIFA
2022250N19137,2022-09-14T06:00:00Z,28.7,122.9,2022,9,84,962,WP,MUIFA
2022250N19137,2022-09-14T09:00:00Z,29.255,122.665,2022,9,82,963,WP,MUIFA
2022250N19137,2022-09-14T12:00:00Z,29.9,122.4,2022,9,80,965,WP,MUIFA
2022250N19137,2022-09-14T15:00:00Z,30.5199,122.122,2022,9,75,970,WP,MUIFA
2022250N19137,2022-09-14T18:00:00Z,31.2,121.8,2022,9,70,975,WP,MUIFA
2022250N19137,2022-09-14T21:00:00Z,32.0075,121.415,2022,9,65,976,WP,MUIFA
2022256N22139,2022-09-15T06:00:00Z,23.5,137.9,2022,9,64,975,WP,NANMADOL
2022256N22139,2022-09-15T09:00:00Z,23.4646,137.6,2022,9,67,972,WP,NANMADOL
2022256N22139,2022-09-15T12:00:00Z,23.4,137.3,2022,9,70,970,WP,NANMADOL
2022256N22139,2022-09-15T15:00:00Z,23.3627,136.85,2022,9,77,966,WP,NANMADOL
2022256N22139,2022-09-15T18:00:00Z,23.4,136.4,2022,9,84,962,WP,NANMADOL
2022256N22139,2022-09-15T21:00:00Z,23.5698,136.07,2022,9,96,956,WP,NANMADOL
2022256N22139,2022-09-18T03:00:00Z,30.2,130.827,2022,9,99,943,WP,NANMADOL
2022256N22139,2022-09-18T06:00:00Z,30.7,130.7,2022,9,93,947,WP,NANMADOL
2022256N22139,2022-09-18T09:00:00Z,31.285,130.635,2022,9,86,952,WP,NANMADOL
2022256N22139,2022-09-18T12:00:00Z,31.9,130.6,2022,9,80,958,WP,NANMADOL
2022256N22139,2022-09-18T15:00:00Z,32.5149,130.498,2022,9,75,961,WP,NANMADOL
2022256N22139,2022-09-18T18:00:00Z,33.1,130.5,2022,9,70,965,WP,NANMADOL
2022256N22139,2022-09-18T21:00:00Z,33.6371,130.695,2022,9,65,970,WP,NANMADOL
2022269N22145,2022-09-28T06:00:00Z,33.2,147.7,2022,9,64,974,WP,KULAP
2022269N22145,2022-09-28T09:00:00Z,33.8902,149.079,2022,9,64,973,WP,KULAP
2022271N22132,2022-09-29T06:00:00Z,25.8,132.2,2022,9,70,985,WP,ROKE
2022271N22132,2022-09-29T09:00:00Z,26.2724,132.605,2022,9,77,980,WP,ROKE
2022271N22132,2022-09-29T12:00:00Z,26.7,133.1,2022,9,84,975,WP,ROKE
2022271N22132,2022-09-29T15:00:00Z,26.9423,133.621,2022,9,79,977,WP,ROKE
2022271N22132,2022-09-29T18:00:00Z,27.2,134.2,2022,9,74,979,WP,ROKE
2022271N22132,2022-09-29T21:00:00Z,27.6609,134.754,2022,9,69,983,WP,ROKE
2022271N22132,2022-09-30T00:00:00Z,28.2,135.5,2022,9,64,988,WP,ROKE
2023157N13135,2023-06-10T06:00:00Z,20,130.1,2023,6,89,962,WP,GUCHOL
2023157N13135,2023-06-10T09:00:00Z,20.3275,130.285,2023,6,86,962,WP,GUCHOL
2023157N13135,2023-06-10T12:00:00Z,20.7,130.5,2023,6,84,962,WP,GUCHOL
2023157N13135,2023-06-10T15:00:00Z,21.3124,130.678,2023,6,82,965,WP,GUCHOL
2023157N13135,2023-06-10T18:00:00Z,22,130.9,2023,6,80,968,WP,GUCHOL
2023157N13135,2023-06-10T21:00:00Z,22.6224,131.213,2023,6,82,966,WP,GUCHOL
2023157N13135,2023-06-11T00:00:00Z,23.2,131.6,2023,6,84,964,WP,GUCHOL
2023157N13135,2023-06-11T03:00:00Z,23.6847,132.006,2023,6,84,964,WP,GUCHOL
2023157N13135,2023-06-11T06:00:00Z,24.2,132.5,2023,6,84,964,WP,GUCHOL
2023157N13135,2023-06-11T09:00:00Z,24.8925,133.112,2023,6,82,965,WP,GUCHOL
2023157N13135,2023-06-11T12:00:00Z,25.6,133.8,2023,6,80,967,WP,GUCHOL
2023157N13135,2023-06-11T15:00:00Z,26.1497,134.486,2023,6,70,972,WP,GUCHOL
2023203N14132,2023-07-26T18:00:00Z,20,120.1,2023,7,89,947,WP,DOKSURI
2023208N13140,2023-07-30T12:00:00Z,20.4,132.4,2023,7,89,962,WP,KHANUN
2023208N13140,2023-07-30T15:00:00Z,20.75,132.292,2023,7,97,955,WP,KHANUN
2023208N13140,2023-08-02T00:00:00Z,25.8,127,2023,8,99,947,WP,KHANUN
2023208N13140,2023-08-02T03:00:00Z,25.9616,126.598,2023,8,99,946,WP,KHANUN
2023208N13140,2023-08-02T06:00:00Z,26.1,126.2,2023,8,99,946,WP,KHANUN
2023208N13140,2023-08-02T09:00:00Z,26.1497,125.942,2023,8,99,945,WP,KHANUN
2023208N13140,2023-08-02T12:00:00Z,26.2,125.7,2023,8,99,944,WP,KHANUN
2023208N13140,2023-08-02T15:00:00Z,26.3502,125.335,2023,8,99,943,WP,KHANUN
2023208N13140,2023-08-02T18:00:00Z,26.5,125,2023,8,99,943,WP,KHANUN
2023208N13140,2023-08-02T21:00:00Z,26.5648,124.827,2023,8,94,947,WP,KHANUN
2023208N13140,2023-08-03T00:00:00Z,26.6,124.7,2023,8,89,951,WP,KHANUN
2023208N13140,2023-08-03T03:00:00Z,26.6651,124.47,2023,8,89,951,WP,KHANUN
2023208N13140,2023-08-03T06:00:00Z,26.7,124.3,2023,8,89,951,WP,KHANUN
2023208N13140,2023-08-03T09:00:00Z,26.6425,124.328,2023,8,86,951,WP,KHANUN
2023208N13140,2023-08-03T12:00:00Z,26.6,124.4,2023,8,84,952,WP,KHANUN
2023208N13140,2023-08-03T15:00:00Z,26.6775,124.335,2023,8,77,959,WP,KHANUN
2023208N13140,2023-08-03T18:00:00Z,26.8,124.3,2023,8,70,966,WP,KHANUN
2023208N13140,2023-08-03T21:00:00Z,26.9075,124.412,2023,8,67,968,WP,KHANUN
2023208N13140,2023-08-04T00:00:00Z,27,124.6,2023,8,64,970,WP,KHANUN
2023220N24150,2023-08-10T00:00:00Z,25.2,143.9,2023,8,64,975,WP,LAN
2023220N24150,2023-08-10T03:00:00Z,25.3199,143.67,2023,8,67,973,WP,LAN
2023220N24150,2023-08-10T06:00:00Z,25.5,143.5,2023,8,70,972,WP,LAN
2023220N24150,2023-08-10T09:00:00Z,25.75,143.343,2023,8,72,970,WP,LAN
2023220N24150,2023-08-10T12:00:00Z,26,143.2,2023,8,74,968,WP,LAN
2023220N24150,2023-08-10T15:00:00Z,26.15,143.027,2023,8,86,958,WP,LAN
2023220N24150,2023-08-10T18:00:00Z,26.3,142.9,2023,8,99,949,WP,LAN
2023220N24150,2023-08-11T15:00:00Z,28.0649,142.53,2023,8,99,947,WP,LAN
2023220N24150,2023-08-11T18:00:00Z,28.2,142.4,2023,8,93,952,WP,LAN
2023220N24150,2023-08-11T21:00:00Z,28.3427,142.115,2023,8,88,956,WP,LAN
2023220N24150,2023-08-12T00:00:00Z,28.5,141.8,2023,8,84,960,WP,LAN
2023220N24150,2023-08-12T03:00:00Z,28.7073,141.6,2023,8,84,960,WP,LAN
2023220N24150,2023-08-12T06:00:00Z,28.9,141.4,2023,8,84,960,WP,LAN
2023220N24150,2023-08-12T09:00:00Z,29.0149,141.13,2023,8,82,961,WP,LAN
2023220N24150,2023-08-12T12:00:00Z,29.1,140.8,2023,8,80,963,WP,LAN
2023220N24150,2023-08-12T15:00:00Z,29.1856,140.402,2023,8,72,968,WP,LAN
2023220N24150,2023-08-12T18:00:00Z,29.3,140,2023,8,64,973,WP,LAN
2023220N24150,2023-08-12T21:00:00Z,29.4736,139.663,2023,8,65,972,WP,LAN
2023220N24150,2023-08-13T00:00:00Z,29.6934,139.375,2023,8,67,971,WP,LAN
2023220N24150,2023-08-13T03:00:00Z,29.9386,139.121,2023,8,68,970,WP,LAN
2023220N24150,2023-08-13T06:00:00Z,30.2,138.9,2023,8,70,969,WP,LAN
2023220N24150,2023-08-13T09:00:00Z,30.4504,138.694,2023,8,72,968,WP,LAN
2023220N24150,2023-08-13T12:00:00Z,30.7,138.5,2023,8,74,967,WP,LAN
2023220N24150,2023-08-13T15:00:00Z,30.9424,138.315,2023,8,77,964,WP,LAN
2023220N24150,2023-08-13T18:00:00Z,31.2,138.1,2023,8,80,962,WP,LAN
2023220N24150,2023-08-13T21:00:00Z,31.5,137.815,2023,8,82,960,WP,LAN
2023220N24150,2023-08-14T00:00:00Z,31.8,137.5,2023,8,84,959,WP,LAN
2023220N24150,2023-08-14T03:00:00Z,32.0651,137.178,2023,8,84,959,WP,LAN
2023220N24150,2023-08-14T06:00:00Z,32.3,136.9,2023,8,84,959,WP,LAN
2023220N24150,2023-08-14T09:00:00Z,32.4848,136.742,2023,8,84,959,WP,LAN
2023220N24150,2023-08-14T12:00:00Z,32.7,136.6,2023,8,84,959,WP,LAN
2023220N24150,2023-08-14T15:00:00Z,33.0124,136.38,2023,8,82,964,WP,LAN
2023220N24150,2023-08-14T18:00:00Z,33.4,136.1,2023,8,80,970,WP,LAN
2023220N24150,2023-08-14T21:00:00Z,33.8201,135.75,2023,8,70,974,WP,LAN
2023235N17151,2023-08-27T12:00:00Z,35.7,144.4,2023,8,64,977,WP,DAMREY
2023241N19141,2023-08-31T12:00:00Z,21.7,131.4,2023,8,64,983,WP,HAIKUI
2023241N19141,2023-08-31T15:00:00Z,21.9458,130.743,2023,8,64,981,WP,HAIKUI
2023241N19141,2023-08-31T18:00:00Z,22.1,130.1,2023,8,64,979,WP,HAIKUI
2023241N19141,2023-08-31T21:00:00Z,22.0718,129.835,2023,8,67,977,WP,HAIKUI
2023241N19141,2023-09-01T00:00:00Z,22,129.6,2023,9,70,975,WP,HAIKUI
2023241N19141,2023-09-01T03:00:00Z,22.0429,129.073,2023,9,72,973,WP,HAIKUI
2023241N19141,2023-09-01T06:00:00Z,22.1,128.5,2023,9,74,971,WP,HAIKUI
2023241N19141,2023-09-01T09:00:00Z,22.1223,128.063,2023,9,74,971,WP,HAIKUI
2023241N19141,2023-09-01T12:00:00Z,22.1,127.7,2023,9,74,971,WP,HAIKUI
2023241N19141,2023-09-01T15:00:00Z,21.9923,127.392,2023,9,77,970,WP,HAIKUI
2023241N19141,2023-09-01T18:00:00Z,21.9,127.1,2023,9,80,970,WP,HAIKUI
2023241N19141,2023-09-01T21:00:00Z,21.9048,126.78,2023,9,82,966,WP,HAIKUI
2023241N19141,2023-09-02T00:00:00Z,22,126.4,2023,9,84,962,WP,HAIKUI
2023241N19141,2023-09-02T03:00:00Z,22.185,125.923,2023,9,84,960,WP,HAIKUI
2023241N19141,2023-09-02T06:00:00Z,22.4,125.4,2023,9,84,959,WP,HAIKUI
2023241N19141,2023-09-02T09:00:00Z,22.5947,124.915,2023,9,82,962,WP,HAIKUI
2023241N19141,2023-09-02T12:00:00Z,22.7,124.4,2023,9,80,965,WP,HAIKUI
2023241N19141,2023-09-02T15:00:00Z,22.6153,123.777,2023,9,84,961,WP,HAIKUI
2023241N19141,2023-09-02T18:00:00Z,22.5,123.2,2023,9,89,958,WP,HAIKUI
2023241N19141,2023-09-02T21:00:00Z,22.512,122.835,2023,9,97,952,WP,HAIKUI
2023241N19141,2023-09-03T09:00:00Z,22.8807,120.79,2023,9,92,956,WP,HAIKUI
2023241N19141,2023-09-03T12:00:00Z,22.8,120.2,2023,9,80,965,WP,HAIKUI
2023241N19141,2023-09-03T15:00:00Z,22.7045,120.018,2023,9,77,966,WP,HAIKUI
2023241N19141,2023-09-03T18:00:00Z,22.7,120,2023,9,74,968,WP,HAIKUI
2023273N16134,2023-10-03T06:00:00Z,21.1,124.9,2023,10,99,953,WP,KOINU
2023273N16134,2023-10-03T09:00:00Z,21.43,124.765,2023,10,96,956,WP,KOINU
2023273N16134,2023-10-03T12:00:00Z,21.7,124.6,2023,10,93,959,WP,KOINU
2023273N16134,2023-10-03T15:00:00Z,21.8299,124.422,2023,10,91,960,WP,KOINU
2023273N16134,2023-10-03T18:00:00Z,21.9,124.2,2023,10,89,961,WP,KOINU
2023273N16134,2023-10-03T21:00:00Z,22.0149,123.938,2023,10,94,957,WP,KOINU
2023273N16134,2023-10-04T00:00:00Z,22.1,123.6,2023,10,99,953,WP,KOINU
2023273N16134,2023-10-05T03:00:00Z,22.0574,120.495,2023,10,99,952,WP,KOINU
2023273N16134,2023-10-05T06:00:00Z,22.1,120.1,2023,10,89,959,WP,KOINU
